home_team,away_team,home_score,away_score,tena,HTRF,THFP,PHPAR,PHSPAR,PHPSAR,PHDAR,PHTSA,PHDBAR,PHAAR,ATRF,TAFP,PAPAR,PASPAR,PAPSAR,PADAR,PATSA,PADBAR,PAAAR
Brazil,Croatia,3,1,,7,20,76,66,77,68,80,77,27,23,4,74,66,77,65,74,71,27
Mexico,Cameroon,1,0,,16,15,72,62,75,65,77,71,27,7,59,69,64,81,63,81,74,26
Spain,Netherlands,1,5,,6,14,82,69,78,67,76,79,26,10,8,74,68,80,63,78,75,26
Colombia,Greece,3,0,,4,5,73,67,79,63,78,74,27,3,18,73,66,79,62,76,74,28
England,Italy,1,2,,10,14,73,66,77,68,80,74,26,18,9,76,68,81,66,77,75,27
Uruguay,Costa Rica,1,3,,9,12,73,66,78,68,76,74,27,25,4,68,60,74,65,75,67,28
Argentina,Bosnia-Herzegovina,2,1,,1,16,78,69,80,68,77,77,28,1,16,73,66,79,61,77,75,27
France,Honduras,3,0,,3,34,70,62,78,60,77,72,28,,,,,,,,,
Germany,Portugal,4,0,,5,18,79,71,79,65,78,78,25,8,6,74,67,78,67,77,75,29
Iran,Nigeria,0,0,,42,4,66,59,74,60,73,65,27,67,5,67,58,79,62,77,66,26
Belgium,Algeria,2,1,,2,12,75,67,83,66,76,72,26,4,32,70,62,78,62,74,70,26
Brazil,Mexico,0,0,,7,20,76,66,77,68,80,77,27,16,15,72,62,75,65,77,71,27
Russia,Korea Republic,1,1,,27,10,73,64,78,66,75,68,29,56,9,66,57,76,64,75,67,27
Australia,Netherlands,2,3,,50,5,69,63,77,66,74,68,27,10,8,74,68,80,63,78,75,26
Spain,Chile,0,2,,6,14,82,69,78,67,76,79,26,9,12,73,68,76,64,77,75,28
Colombia,Ivory Coast,2,1,,4,5,73,67,79,63,78,74,27,3,17,72,65,80,62,80,73,27
Japan,Greece,0,0,,57,5,73,66,75,67,75,73,28,3,18,73,66,79,62,76,74,28
Uruguay,England,2,1,,9,12,73,66,78,68,76,74,27,10,14,73,66,77,68,80,74,26
Switzerland,France,2,5,,14,10,73,66,80,69,75,71,26,,,,,,,,,
Argentina,Iran,1,0,,1,16,78,69,80,68,77,77,28,42,4,66,59,74,60,73,65,27
Germany,Ghana,2,2,,5,18,79,71,79,65,78,78,25,3,23,71,66,80,63,81,74,25
Nigeria,Bosnia-Herzegovina,1,0,,67,5,67,58,79,62,77,66,26,1,16,73,66,79,61,77,75,27
Belgium,Russia,1,0,,2,12,75,67,83,66,76,72,26,27,10,73,64,78,66,75,68,29
Korea Republic,Algeria,2,4,,56,9,66,57,76,64,75,67,27,4,32,70,62,78,62,74,70,26
Australia,Spain,0,3,,50,5,69,63,77,66,74,68,27,6,14,82,69,78,67,76,79,26
Croatia,Mexico,1,3,,23,4,74,66,77,65,74,71,27,16,15,72,62,75,65,77,71,27
Costa Rica,England,0,0,,25,4,68,60,74,65,75,67,28,10,14,73,66,77,68,80,74,26
Japan,Colombia,1,4,,57,5,73,66,75,67,75,73,28,4,5,73,67,79,63,78,74,27
Nigeria,Argentina,2,3,,67,5,67,58,79,62,77,66,26,1,16,78,69,80,68,77,77,28
Korea Republic,Belgium,0,1,,56,9,66,57,76,64,75,67,27,2,12,75,67,83,66,76,72,26
Portugal,Ghana,2,1,,8,6,74,67,78,67,77,75,29,3,23,71,66,80,63,81,74,25
Brazil,Chile,1,1,,7,20,76,66,77,68,80,77,27,9,12,73,68,76,64,77,75,28
Colombia,Uruguay,2,0,,4,5,73,67,79,63,78,74,27,9,12,73,66,78,68,76,74,27
Costa Rica,Greece,1,1,,25,4,68,60,74,65,75,67,28,3,18,73,66,79,62,76,74,28
France,Nigeria,2,0,,21,14,77,66,82,72,79,73,27,67,5,67,58,79,62,77,66,26
Germany,Algeria,2,1,,5,18,79,71,79,65,78,78,25,4,32,70,62,78,62,74,70,26
Argentina,Switzerland,1,0,,1,16,78,69,80,68,77,77,28,14,10,73,66,80,69,75,71,26
Belgium,USA,2,1,,2,12,75,67,83,66,76,72,26,10,31,70,66,80,62,77,72,27
Brazil,Colombia,2,1,,7,20,76,66,77,68,80,77,27,4,5,73,67,79,63,78,74,27
France,Germany,0,1,,21,14,77,66,82,72,79,73,27,5,18,79,71,79,65,78,78,25
Argentina,Belgium,1,0,,1,16,78,69,80,68,77,77,28,2,12,75,67,83,66,76,72,26
Brazil,Germany,1,7,,7,20,76,66,77,68,80,77,27,5,18,79,71,79,65,78,78,25
Brazil,Netherlands,0,3,,7,20,76,66,77,68,80,77,27,10,8,74,68,80,63,78,75,26
Germany,Argentina,1,0,,5,18,79,71,79,65,78,78,25,1,16,78,69,80,68,77,77,28
Germany,Argentina,2,4,,5,18,79,71,79,65,78,78,25,1,16,78,69,80,68,77,77,28
Russia,Azerbaijan,4,0,,27,10,73,64,78,66,75,68,29,,,,,,,,,
Belgium,Australia,2,0,,2,12,75,67,83,66,76,72,26,50,5,69,63,77,66,74,68,27
France,Spain,1,0,,21,14,77,66,82,72,79,73,27,6,14,82,69,78,67,76,79,26
Japan,Uruguay,0,2,,57,5,73,66,75,67,75,73,28,9,12,73,66,78,68,76,74,27
Senegal,Egypt,2,0,,43,1,68,64,78,67,76,69,26,44,2,68,61,73,63,72,67,28
Mexico,Chile,0,0,,16,15,72,62,75,65,77,71,27,9,12,73,68,76,64,77,75,28
Nigeria,Congo,2,3,,67,5,67,58,79,62,77,66,26,,,,,,,,,
Costa Rica,Panama,2,2,,25,4,68,60,74,65,75,67,28,52,0,64,57,74,60,73,63,29
Serbia,France,1,1,,55,11,72,64,80,65,74,71,27,21,14,77,66,82,72,79,73,27
Australia,Saudi Arabia,3,2,,50,5,69,63,77,66,74,68,27,60,4,65,56,73,62,76,65,27
Korea Republic,Uruguay,0,1,,56,9,66,57,76,64,75,67,27,9,12,73,66,78,68,76,74,27
Switzerland,England,0,2,,14,10,73,66,80,69,75,71,26,10,14,73,66,77,68,80,74,26
Egypt,Tunisia,0,1,,44,2,68,61,73,63,72,67,28,47,4,67,61,71,62,72,65,26
Sweden,Russia,1,1,,36,,70,64,77,64,71,67,28,27,10,73,64,78,66,75,68,29
Saudi Arabia,Uruguay,1,1,,60,4,65,56,73,62,76,65,27,9,12,73,66,78,68,76,74,27
Senegal,Tunisia,0,0,,43,1,68,64,78,67,76,69,26,47,4,67,61,71,62,72,65,26
Argentina,Brazil,0,2,,1,16,78,69,80,68,77,77,28,7,20,76,66,77,68,80,77,27
France,Portugal,2,1,,21,14,77,66,82,72,79,73,27,8,6,74,67,78,67,77,75,29
Mexico,Panama,1,0,,16,15,72,62,75,65,77,71,27,52,0,64,57,74,60,73,63,29
Iceland,Netherlands,2,0,,35,0,70,62,75,65,71,67,29,10,8,74,68,80,63,78,75,26
Denmark,Portugal,0,1,,,,,,,,,,,8,6,74,67,78,67,77,75,29
Germany,Ireland,1,1,,5,18,79,71,79,65,78,78,25,,,,,,,,,
Japan,Brazil,0,4,,57,5,73,66,75,67,75,73,28,7,20,76,66,77,68,80,77,27
Korea Republic,Costa Rica,1,3,,56,9,66,57,76,64,75,67,27,25,4,68,60,74,65,75,67,28
Tunisia,Senegal,1,0,,47,4,67,61,71,62,72,65,26,43,1,68,64,78,67,76,69,26
Argentina,Croatia,2,1,,1,16,78,69,80,68,77,77,28,23,4,74,66,77,65,74,71,27
Belgium,Iceland,3,1,,2,12,75,67,83,66,76,72,26,35,0,70,62,75,65,71,67,29
Uruguay,Costa Rica,3,3,,9,12,73,66,78,68,76,74,27,25,4,68,60,74,65,75,67,28
France,Albania,1,1,,21,14,77,66,82,72,79,73,27,,,,,,,,,
Japan,Honduras,6,0,,57,5,73,66,75,67,75,73,28,3,34,70,62,78,60,77,72,28
Serbia,Denmark,1,3,,55,11,72,64,80,65,74,71,27,,,,,,,,,
Egypt,Senegal,0,1,,44,2,68,61,73,63,72,67,28,43,1,68,64,78,67,76,69,26
Israel,Bosnia-Herzegovina,3,0,,,,,,,,,,,1,16,73,66,79,61,77,75,27
France,Sweden,1,0,,21,14,77,66,82,72,79,73,27,36,,70,64,77,64,71,67,28
Iran,Korea Republic,1,0,,42,4,66,59,74,60,73,65,27,56,9,66,57,76,64,75,67,27
Japan,Australia,2,1,,57,5,73,66,75,67,75,73,28,50,5,69,63,77,66,74,68,27
Panama,Canada,0,0,,52,0,64,57,74,60,73,63,29,,,,,,,,,
Peru,Paraguay,2,1,,46,,69,65,76,61,76,69,27,,,,,,,,,
Portugal,Argentina,1,0,,8,6,74,67,78,67,77,75,29,1,16,78,69,80,68,77,77,28
Spain,Germany,0,1,,6,14,82,69,78,67,76,79,26,5,18,79,71,79,65,78,78,25
Tunisia,Egypt,2,1,,47,4,67,61,71,62,72,65,26,44,2,68,61,73,63,72,67,28
Saudi Arabia,United Arab Emirates,3,2,,60,4,65,56,73,62,76,65,27,,,,,,,,,
Saudi Arabia,Qatar,1,2,,60,4,65,56,73,62,76,65,27,,,,,,,,,
Iran,Iraq,1,0,,42,4,66,59,74,60,73,65,27,,,,,,,,,
Korea Republic,Saudi Arabia,2,0,,56,9,66,57,76,64,75,67,27,60,4,65,56,73,62,76,65,27
Nigeria,Ivory Coast,0,1,,67,5,67,58,79,62,77,66,26,3,17,72,65,80,62,80,73,27
Tunisia,Algeria,1,1,,47,4,67,61,71,62,72,65,26,4,32,70,62,78,62,74,70,26
Sweden,Ivory Coast,2,0,,36,,70,64,77,64,71,67,28,3,17,72,65,80,62,80,73,27
Australia,Korea Republic,0,1,,50,5,69,63,77,66,74,68,27,56,9,66,57,76,64,75,67,27
Senegal,Algeria,0,2,,43,1,68,64,78,67,76,69,26,4,32,70,62,78,62,74,70,26
Korea Republic,Australia,1,2,,56,9,66,57,76,64,75,67,27,50,5,69,63,77,66,74,68,27
Denmark,USA,3,2,,41,,73,64,78,65,73,69,28,10,31,70,66,80,62,77,72,27
Germany,Australia,2,2,,5,18,79,71,79,65,78,78,25,50,5,69,63,77,66,74,68,27
France,Brazil,1,3,,21,14,77,66,82,72,79,73,27,7,20,76,66,77,68,80,77,27
Japan,Tunisia,2,0,,57,5,73,66,75,67,75,73,28,47,4,67,61,71,62,72,65,26
Brazil,Chile,1,0,,7,20,76,66,77,68,80,77,27,9,12,73,68,76,64,77,75,28
France,Denmark,2,0,,21,14,77,66,82,72,79,73,27,41,,73,64,78,65,73,69,28
Israel,Belgium,0,1,,,,,,,,,,,2,12,75,67,83,66,76,72,26
Panama,Costa Rica,2,1,,52,0,64,57,74,60,73,63,29,25,4,68,60,74,65,75,67,28
Sweden,Iran,3,1,,36,,70,64,77,64,71,67,28,42,4,66,59,74,60,73,65,27
Switzerland,USA,1,1,,14,10,73,66,80,69,75,71,26,10,31,70,66,80,62,77,72,27
Mexico,Guatemala,3,0,,16,15,72,62,75,65,77,71,27,,,,,,,,,
Panama,Ecuador,1,1,,52,0,64,57,74,60,73,63,29,3,22,70,65,77,57,80,75,27
Colombia,Costa Rica,1,0,,4,5,73,67,79,63,78,74,27,25,4,68,60,74,65,75,67,28
Brazil,Mexico,2,0,,7,20,76,66,77,68,80,77,27,16,15,72,62,75,65,77,71,27
France,Belgium,3,4,,21,14,77,66,82,72,79,73,27,2,12,75,67,83,66,76,72,26
Brazil,Honduras,1,0,,7,20,76,66,77,68,80,77,27,3,34,70,62,78,60,77,72,28
Germany,USA,1,2,,5,18,79,71,79,65,78,78,25,10,31,70,66,80,62,77,72,27
Spain,Costa Rica,2,1,,6,14,82,69,78,67,76,79,26,25,4,68,60,74,65,75,67,28
Croatia,Italy,1,1,,23,4,74,66,77,65,74,71,27,18,9,76,68,81,66,77,75,27
Argentina,Paraguay,2,2,,1,16,78,69,80,68,77,77,28,,,,,,,,,
Denmark,Serbia,2,0,,41,,73,64,78,65,73,69,28,55,11,72,64,80,65,74,71,27
Brazil,Peru,2,1,,7,20,76,66,77,68,80,77,27,46,,69,65,76,61,76,69,27
Colombia,Venezuela,0,1,,4,5,73,67,79,63,78,74,27,,,,,,,,,
Russia,Austria,0,1,,27,10,73,64,78,66,75,68,29,50,5,69,63,77,66,74,68,27
Argentina,Uruguay,1,0,,1,16,78,69,80,68,77,77,28,9,12,73,66,78,68,76,74,27
Brazil,Colombia,0,1,,7,20,76,66,77,68,80,77,27,4,5,73,67,79,63,78,74,27
Mexico,Ecuador,1,2,,16,15,72,62,75,65,77,71,27,3,22,70,65,77,57,80,75,27
Colombia,Peru,0,0,,4,5,73,67,79,63,78,74,27,46,,69,65,76,61,76,69,27
Argentina,Colombia,0,0,,1,16,78,69,80,68,77,77,28,4,5,73,67,79,63,78,74,27
Brazil,Paraguay,1,1,,7,20,76,66,77,68,80,77,27,,,,,,,,,
Mexico,Costa Rica,2,2,,16,15,72,62,75,65,77,71,27,25,4,68,60,74,65,75,67,28
Panama,USA,1,1,,52,0,64,57,74,60,73,63,29,10,31,70,66,80,62,77,72,27
Mexico,Costa Rica,1,0,,16,15,72,62,75,65,77,71,27,25,4,68,60,74,65,75,67,28
Panama,Mexico,1,2,,52,0,64,57,74,60,73,63,29,16,15,72,62,75,65,77,71,27
Japan,Korea Republic,1,1,,57,5,73,66,75,67,75,73,28,56,9,66,57,76,64,75,67,27
Belgium,Bosnia-Herzegovina,3,1,,2,12,75,67,83,66,76,72,26,1,16,73,66,79,61,77,75,27
Portugal,France,0,1,,8,6,74,67,78,67,77,75,29,21,14,77,66,82,72,79,73,27
Costa Rica,Brazil,0,1,,25,4,68,60,74,65,75,67,28,7,20,76,66,77,68,80,77,27
Russia,Sweden,1,0,,27,10,73,64,78,66,75,68,29,36,,70,64,77,64,71,67,28
France,Serbia,2,1,,21,14,77,66,82,72,79,73,27,55,11,72,64,80,65,74,71,27
England,Switzerland,2,0,,10,14,73,66,77,68,80,74,26,14,10,73,66,80,69,75,71,26
Mexico,Argentina,2,2,,16,15,72,62,75,65,77,71,27,1,16,78,69,80,68,77,77,28
Colombia,Peru,2,0,,4,5,73,67,79,63,78,74,27,46,,69,65,76,61,76,69,27
Portugal,Denmark,1,0,,8,6,74,67,78,67,77,75,29,41,,73,64,78,65,73,69,28
Saudi Arabia,United Arab Emirates,2,1,,60,4,65,56,73,62,76,65,27,,,,,,,,,
Denmark,France,1,2,,41,,73,64,78,65,73,69,28,21,14,77,66,82,72,79,73,27
Nigeria,Cameroon,3,0,,67,5,67,58,79,62,77,66,26,7,59,69,64,81,63,81,74,26
Serbia,Portugal,1,2,,55,11,72,64,80,65,74,71,27,8,6,74,67,78,67,77,75,29
Tunisia,Morocco,2,3,,47,4,67,61,71,62,72,65,26,64,4,72,64,77,63,76,73,27
Belgium,Italy,3,1,,2,12,75,67,83,66,76,72,26,18,9,76,68,81,66,77,75,27
France,Germany,2,0,,21,14,77,66,82,72,79,73,27,5,18,79,71,79,65,78,78,25
Spain,England,2,0,,6,14,82,69,78,67,76,79,26,10,14,73,66,77,68,80,74,26
Russia,Portugal,1,0,,27,10,73,64,78,66,75,68,29,8,6,74,67,78,67,77,75,29
Sweden,Denmark,2,1,,36,,70,64,77,64,71,67,28,41,,73,64,78,65,73,69,28
Colombia,Argentina,0,1,,4,5,73,67,79,63,78,74,27,1,16,78,69,80,68,77,77,28
Denmark,Sweden,2,2,,41,,73,64,78,65,73,69,28,36,,70,64,77,64,71,67,28
England,France,2,0,,10,14,73,66,77,68,80,74,26,21,14,77,66,82,72,79,73,27
Nigeria,Swaziland,2,0,,67,5,67,58,79,62,77,66,26,,,,,,,,,
Russia,Croatia,1,3,,27,10,73,64,78,66,75,68,29,23,4,74,66,77,65,74,71,27
Tunisia,Nigeria,1,1,,47,4,67,61,71,62,72,65,26,67,5,67,58,79,62,77,66,26
Croatia,Israel,2,0,,23,4,74,66,77,65,74,71,27,,,,,,,,,
Denmark,Iceland,2,1,,,,,,,,,,,35,0,70,62,75,65,71,67,29
Iran,India,4,0,,42,4,66,59,74,60,73,65,27,,,,,,,,,
Japan,Afghanistan,5,0,,57,5,73,66,75,67,75,73,28,,,,,,,,,
Korea Republic,Lebanon,1,0,,56,9,66,57,76,64,75,67,27,,,,,,,,,
Peru,Venezuela,2,2,,46,,69,65,76,61,76,69,27,,,,,,,,,
Saudi Arabia,Malaysia,2,0,,60,4,65,56,73,62,76,65,27,,,,,,,,,
Brazil,Uruguay,2,2,,7,20,76,66,77,68,80,77,27,9,12,73,66,78,68,76,74,27
Nigeria,Egypt,1,1,,44,2,68,61,73,63,72,67,28,,,,,,,,,
Portugal,Bulgaria,0,1,,8,6,74,67,78,67,77,75,29,,,,,,,,,
Tunisia,Togo,1,0,,47,4,67,61,71,62,72,65,26,,,,,,,,,
Germany,England,2,3,,5,18,79,71,79,65,78,78,25,10,14,73,66,77,68,80,74,26
Russia,Lithuania,3,0,,27,10,73,64,78,66,75,68,29,,,,,,,,,
Senegal,Niger,2,0,,43,1,68,64,78,67,76,69,26,,,,,,,,,
Argentina,Bolivia,2,0,,1,16,78,69,80,68,77,77,28,,,,,,,,,
Australia,Jordan,5,1,,50,5,69,63,77,66,74,68,27,,,,,,,,,
Colombia,Ecuador,3,0,,4,5,73,67,79,63,78,74,27,3,22,70,65,77,57,80,75,27
Costa Rica,Jamaica,3,0,,25,4,68,60,74,65,75,67,28,,,,,,,,,
Egypt,Nigeria,1,0,,44,2,68,61,73,63,72,67,28,67,5,67,58,79,62,77,66,26
England,Netherlands,1,2,,10,14,73,66,77,68,80,74,26,10,8,74,68,80,63,78,75,26
France,Russia,4,2,,21,14,77,66,82,72,79,73,27,27,10,73,64,78,66,75,68,29
Germany,Italy,4,1,,5,18,79,71,79,65,78,78,25,18,9,76,68,81,66,77,75,27
Iran,Oman,2,0,,42,4,66,59,74,60,73,65,27,,,,,,,,,
Japan,Syria,5,0,,57,5,73,66,75,67,75,73,28,,,,,,,,,
Mexico,Canada,2,0,,16,15,72,62,75,65,77,71,27,,,,,,,,,
Panama,Haiti,1,0,,52,0,64,57,74,60,73,63,29,,,,,,,,,
Portugal,Belgium,2,1,,8,6,74,67,78,67,77,75,29,2,12,75,67,83,66,76,72,26
Sweden,Czech Republic,1,1,,36,,70,64,77,64,71,67,28,,,,,,,,,
Switzerland,Bosnia-Herzegovina,0,2,,14,10,73,66,80,69,75,71,26,1,16,73,66,79,61,77,75,27
Uruguay,Peru,1,0,,9,12,73,66,78,68,76,74,27,46,,69,65,76,61,76,69,27
England,Turkey,2,1,,10,14,73,66,77,68,80,74,26,,,,,,,,,
Serbia,Cyprus,2,1,,55,11,72,64,80,65,74,71,27,,,,,,,,,
Croatia,Moldova,1,0,,23,4,74,66,77,65,74,71,27,,,,,,,,,
England,Australia,2,1,,10,14,73,66,77,68,80,74,26,50,5,69,63,77,66,74,68,27
Nigeria,Mali,1,0,,67,5,67,58,79,62,77,66,26,,,,,,,,,
Costa Rica,Venezuela,2,1,,25,4,68,60,74,65,75,67,28,,,,,,,,,
Mexico,Paraguay,1,0,,16,15,72,62,75,65,77,71,27,,,,,,,,,
Switzerland,Belgium,1,2,,14,10,73,66,80,69,75,71,26,2,12,75,67,83,66,76,72,26
Germany,Slovakia,1,3,,5,18,79,71,79,65,78,78,25,,,,,,,,,
Portugal,Norway,3,0,,8,6,74,67,78,67,77,75,29,,,,,,,,,
France,Cameroon,3,2,,21,14,77,66,82,72,79,73,27,7,59,69,64,81,63,81,74,26
Sweden,Slovenia,0,0,,36,,70,64,77,64,71,67,28,,,,,,,,,
Serbia,Israel,3,1,,55,11,72,64,80,65,74,71,27,,,,,,,,,
Belgium,Finland,1,1,,2,12,75,67,83,66,76,72,26,,,,,,,,,
Spain,Korea Republic,6,1,,6,14,82,69,78,67,76,79,26,56,9,66,57,76,64,75,67,27
England,Portugal,1,0,,10,14,73,66,77,68,80,74,26,8,6,74,67,78,67,77,75,29
Japan,Bulgaria,7,2,,57,5,73,66,75,67,75,73,28,,,,,,,,,
Switzerland,Moldova,2,1,,14,10,73,66,80,69,75,71,26,,,,,,,,,
Australia,Greece,1,0,,50,5,69,63,77,66,74,68,27,3,18,73,66,79,62,76,74,28
Brazil,Ecuador,0,0,,7,20,76,66,77,68,80,77,27,3,22,70,65,77,57,80,75,27
Costa Rica,Paraguay,0,0,,25,4,68,60,74,65,75,67,28,,,,,,,,,
Croatia,San Marino,10,0,,23,4,74,66,77,65,74,71,27,,,,,,,,,
France,Scotland,3,0,,21,14,77,66,82,72,79,73,27,,,,,,,,,
Germany,Hungary,2,0,,5,18,79,71,79,65,78,78,25,,,,,,,,,
Belgium,Norway,3,2,,2,12,75,67,83,66,76,72,26,,,,,,,,,
Mexico,Uruguay,3,1,,16,15,72,62,75,65,77,71,27,9,12,73,66,78,68,76,74,27
Russia,Serbia,1,1,,27,10,73,64,78,66,75,68,29,55,11,72,64,80,65,74,71,27
Sweden,Wales,3,0,,36,,70,64,77,64,71,67,28,,,,,,,,,
Argentina,Chile,2,1,,1,16,78,69,80,68,77,77,28,9,12,73,68,76,64,77,75,28
Iceland,Liechtenstein,4,0,,35,0,70,62,75,65,71,67,29,,,,,,,,,
Panama,Bolivia,2,1,,52,0,64,57,74,60,73,63,29,,,,,,,,,
Australia,Greece,1,2,,50,5,69,63,77,66,74,68,27,3,18,73,66,79,62,76,74,28
Colombia,Paraguay,2,1,,4,5,73,67,79,63,78,74,27,,,,,,,,,
Iran,Kyrgyzstan,6,0,,42,4,66,59,74,60,73,65,27,,,,,,,,,
Japan,Bosnia-Herzegovina,1,2,,57,5,73,66,75,67,75,73,28,1,16,73,66,79,61,77,75,27
Spain,Georgia,0,1,,6,14,82,69,78,67,76,79,26,,,,,,,,,
Brazil,Haiti,7,1,,7,20,76,66,77,68,80,77,27,,,,,,,,,
Portugal,Estonia,7,0,,8,6,74,67,78,67,77,75,29,,,,,,,,,
Mexico,Jamaica,2,0,,16,15,72,62,75,65,77,71,27,,,,,,,,,
Uruguay,Venezuela,0,1,,9,12,73,66,78,68,76,74,27,,,,,,,,,
Argentina,Panama,5,0,,1,16,78,69,80,68,77,77,28,52,0,64,57,74,60,73,63,29
France,Romania,2,1,,21,14,77,66,82,72,79,73,27,,,,,,,,,
Colombia,Costa Rica,2,3,,4,5,73,67,79,63,78,74,27,25,4,68,60,74,65,75,67,28
England,Russia,1,1,,10,14,73,66,77,68,80,74,26,27,10,73,64,78,66,75,68,29
Brazil,Peru,0,1,,7,20,76,66,77,68,80,77,27,46,,69,65,76,61,76,69,27
Germany,Ukraine,2,0,,5,18,79,71,79,65,78,78,25,,,,,,,,,
Belgium,Italy,0,2,,2,12,75,67,83,66,76,72,26,18,9,76,68,81,66,77,75,27
Mexico,Venezuela,1,1,,16,15,72,62,75,65,77,71,27,,,,,,,,,
Spain,Czech Republic,1,0,,6,14,82,69,78,67,76,79,26,,,,,,,,,
Uruguay,Jamaica,3,0,,9,12,73,66,78,68,76,74,27,,,,,,,,,
Argentina,Bolivia,3,0,,1,16,78,69,80,68,77,77,28,,,,,,,,,
Portugal,Iceland,1,1,,8,6,74,67,78,67,77,75,29,35,0,70,62,75,65,71,67,29
France,Albania,2,0,,21,14,77,66,82,72,79,73,27,,,,,,,,,
Russia,Slovakia,1,2,,27,10,73,64,78,66,75,68,29,,,,,,,,,
England,Wales,2,1,,10,14,73,66,77,68,80,74,26,,,,,,,,,
Germany,Poland,0,0,,5,18,79,71,79,65,78,78,25,27,7,70,63,78,64,74,67,28
Peru,Colombia,0,0,,46,,69,65,76,61,76,69,27,4,5,73,67,79,63,78,74,27
Spain,Turkey,3,0,,6,14,82,69,78,67,76,79,26,,,,,,,,,
Argentina,Venezuela,4,1,,1,16,78,69,80,68,77,77,28,,,,,,,,,
Belgium,Ireland,3,0,,2,12,75,67,83,66,76,72,26,,,,,,,,,
Iceland,Hungary,1,1,,35,0,70,62,75,65,71,67,29,,,,,,,,,
Mexico,Chile,0,7,,16,15,72,62,75,65,77,71,27,9,12,73,68,76,64,77,75,28
Portugal,Austria,0,0,,8,6,74,67,78,67,77,75,29,,,,,,,,,
Switzerland,France,0,0,,14,10,73,66,80,69,75,71,26,21,14,77,66,82,72,79,73,27
Russia,Wales,0,3,,27,10,73,64,78,66,75,68,29,,,,,,,,,
Croatia,Spain,2,1,,23,4,74,66,77,65,74,71,27,6,14,82,69,78,67,76,79,26
Colombia,Chile,0,2,,4,5,73,67,79,63,78,74,27,9,12,73,68,76,64,77,75,28
Iceland,Austria,2,1,,35,0,70,62,75,65,71,67,29,,,,,,,,,
Sweden,Belgium,0,1,,36,,70,64,77,64,71,67,28,2,12,75,67,83,66,76,72,26
Croatia,Portugal,0,1,,23,4,74,66,77,65,74,71,27,8,6,74,67,78,67,77,75,29
Switzerland,Poland,1,1,,14,10,73,66,80,69,75,71,26,27,7,70,63,78,64,74,67,28
Argentina,Chile,0,0,,1,16,78,69,80,68,77,77,28,9,12,73,68,76,64,77,75,28
France,Ireland,2,1,,21,14,77,66,82,72,79,73,27,,,,,,,,,
Germany,Slovakia,3,0,,5,18,79,71,79,65,78,78,25,,,,,,,,,
England,Iceland,1,2,,10,14,73,66,77,68,80,74,26,35,0,70,62,75,65,71,67,29
Germany,Italy,1,1,,5,18,79,71,79,65,78,78,25,18,9,76,68,81,66,77,75,27
France,Iceland,5,2,,21,14,77,66,82,72,79,73,27,35,0,70,62,75,65,71,67,29
Portugal,Wales,2,0,,8,6,74,67,78,67,77,75,29,,,,,,,,,
Germany,France,0,2,,5,18,79,71,79,65,78,78,25,21,14,77,66,82,72,79,73,27
Portugal,France,1,0,,8,6,74,67,78,67,77,75,29,21,14,77,66,82,72,79,73,27
Saudi Arabia,Laos,4,0,,60,4,65,56,73,62,76,65,27,,,,,,,,,
Egypt,Guinea,1,1,,44,2,68,61,73,63,72,67,28,,,,,,,,,
Denmark,Liechtenstein,5,0,,41,,73,64,78,65,73,69,28,,,,,,,,,
Germany,Finland,2,0,,5,18,79,71,79,65,78,78,25,,,,,,,,,
Australia,Iraq,2,0,,50,5,69,63,77,66,74,68,27,,,,,,,,,
Belgium,Spain,0,2,,2,12,75,67,83,66,76,72,26,6,14,82,69,78,67,76,79,26
Colombia,Venezuela,2,0,,4,5,73,67,79,63,78,74,27,,,,,,,,,
Iran,Qatar,2,0,,42,4,66,59,74,60,73,65,27,,,,,,,,,
Japan,United Arab Emirates,1,2,,57,5,73,66,75,67,75,73,28,,,,,,,,,
Korea Republic,China,3,2,,56,9,66,57,76,64,75,67,27,9,12,73,68,76,64,77,75,28
Portugal,Gibraltar,5,0,,8,6,74,67,78,67,77,75,29,,,,,,,,,
Saudi Arabia,Thailand,1,0,,60,4,65,56,73,62,76,65,27,,,,,,,,,
Panama,Jamaica,2,0,,52,0,64,57,74,60,73,63,29,,,,,,,,,
Nigeria,Tanzania,1,0,,67,5,67,58,79,62,77,66,26,,,,,,,,,
Senegal,Namibia,2,0,,43,1,68,64,78,67,76,69,26,,,,,,,,,
Denmark,Armenia,1,0,,41,,73,64,78,65,73,69,28,,,,,,,,,
Tunisia,Liberia,4,1,,47,4,67,61,71,62,72,65,26,,,,,,,,,
Croatia,Turkey,1,1,,23,4,74,66,77,65,74,71,27,,,,,,,,,
Israel,Italy,1,3,,,,,,,,,,,18,9,76,68,81,66,77,75,27
Serbia,Ireland,2,2,,55,11,72,64,80,65,74,71,27,,,,,,,,,
Spain,Liechtenstein,8,0,,6,14,82,69,78,67,76,79,26,,,,,,,,,
Brazil,Colombia,2,1,,7,20,76,66,77,68,80,77,27,4,5,73,67,79,63,78,74,27
Costa Rica,Panama,3,1,,25,4,68,60,74,65,75,67,28,52,0,64,57,74,60,73,63,29
Mexico,Honduras,0,0,,16,15,72,62,75,65,77,71,27,3,34,70,62,78,60,77,72,28
Peru,Ecuador,2,1,,46,,69,65,76,61,76,69,27,3,22,70,65,77,57,80,75,27
Russia,Ghana,1,0,,27,10,73,64,78,66,75,68,29,3,23,71,66,80,63,81,74,25
Sweden,Netherlands,1,1,,36,,70,64,77,64,71,67,28,10,8,74,68,80,63,78,75,26
Switzerland,Portugal,2,0,,14,10,73,66,80,69,75,71,26,8,6,74,67,78,67,77,75,29
Uruguay,Paraguay,4,0,,9,12,73,66,78,68,76,74,27,,,,,,,,,
Iceland,Finland,3,2,,35,0,70,62,75,65,71,67,29,,,,,,,,,
Japan,Iraq,2,1,,57,5,73,66,75,67,75,73,28,,,,,,,,,
Korea Republic,Qatar,3,2,,56,9,66,57,76,64,75,67,27,,,,,,,,,
Saudi Arabia,Australia,2,2,,60,4,65,56,73,62,76,65,27,50,5,69,63,77,66,74,68,27
Belgium,Bosnia-Herzegovina,4,0,,2,12,75,67,83,66,76,72,26,1,16,73,66,79,61,77,75,27
France,Bulgaria,4,1,,21,14,77,66,82,72,79,73,27,,,,,,,,,
Portugal,Andorra,6,0,,8,6,74,67,78,67,77,75,29,,,,,,,,,
England,Malta,2,0,,10,14,73,66,77,68,80,74,26,,,,,,,,,
Germany,Czech Republic,3,0,,5,18,79,71,79,65,78,78,25,,,,,,,,,
Mexico,New Zealand,2,1,,16,15,72,62,75,65,77,71,27,,,,,,,,,
Senegal,Cape Verde,2,0,,43,1,68,64,78,67,76,69,26,,,,,,,,,
Iceland,Turkey,2,0,,35,0,70,62,75,65,71,67,29,,,,,,,,,
Israel,Liechtenstein,2,1,,,,,,,,,,,,,,,,,,,
Russia,Costa Rica,3,4,,27,10,73,64,78,66,75,68,29,25,4,68,60,74,65,75,67,28
Serbia,Austria,3,2,,55,11,72,64,80,65,74,71,27,,,,,,,,,
Tunisia,Guinea,2,0,,47,4,67,61,71,62,72,65,26,,,,,,,,,
Sweden,Bulgaria,3,0,,36,,70,64,77,64,71,67,28,,,,,,,,,
Argentina,Paraguay,0,1,,1,16,78,69,80,68,77,77,28,,,,,,,,,
Australia,Japan,1,1,,50,5,69,63,77,66,74,68,27,57,5,73,66,75,67,75,73,28
Colombia,Uruguay,2,2,,4,5,73,67,79,63,78,74,27,9,12,73,66,78,68,76,74,27
Denmark,Montenegro,0,1,,41,,73,64,78,65,73,69,28,,,,,,,,,
Germany,Northern Ireland,2,0,,5,18,79,71,79,65,78,78,25,,,,,,,,,
Iran,Korea Republic,1,0,,42,4,66,59,74,60,73,65,27,56,9,66,57,76,64,75,67,27
Mexico,Panama,1,0,,16,15,72,62,75,65,77,71,27,52,0,64,57,74,60,73,63,29
Saudi Arabia,United Arab Emirates,3,0,,60,4,65,56,73,62,76,65,27,,,,,,,,,
Colombia,Chile,0,0,,4,5,73,67,79,63,78,74,27,9,12,73,68,76,64,77,75,28
Iran,Papua New Guinea,8,1,,42,4,66,59,74,60,73,65,27,,,,,,,,,
Denmark,Kazakhstan,4,1,,41,,73,64,78,65,73,69,28,,,,,,,,,
England,Scotland,3,0,,10,14,73,66,77,68,80,74,26,,,,,,,,,
France,Sweden,2,1,,21,14,77,66,82,72,79,73,27,36,,70,64,77,64,71,67,28
Japan,Oman,4,0,,57,5,73,66,75,67,75,73,28,,,,,,,,,
Korea Republic,Canada,2,0,,56,9,66,57,76,64,75,67,27,,,,,,,,,
Croatia,Iceland,2,0,,23,4,74,66,77,65,74,71,27,35,0,70,62,75,65,71,67,29
Nigeria,Algeria,3,1,,67,5,67,58,79,62,77,66,26,4,32,70,62,78,62,74,70,26
Spain,Macedonia,4,0,,6,14,82,69,78,67,76,79,26,,,,,,,,,
Belgium,Estonia,8,1,,2,12,75,67,83,66,76,72,26,,,,,,,,,
Egypt,Ghana,2,0,,44,2,68,61,73,63,72,67,28,3,23,71,66,80,63,81,74,25
Portugal,Latvia,4,1,,8,6,74,67,78,67,77,75,29,,,,,,,,,
Switzerland,Faroe Islands,2,0,,14,10,73,66,80,69,75,71,26,,,,,,,,,
Argentina,Colombia,3,0,,1,16,78,69,80,68,77,77,28,4,5,73,67,79,63,78,74,27
Costa Rica,USA,4,0,,25,4,68,60,74,65,75,67,28,10,31,70,66,80,62,77,72,27
England,Spain,2,2,,10,14,73,66,77,68,80,74,26,6,14,82,69,78,67,76,79,26
France,Ivory Coast,0,0,,21,14,77,66,82,72,79,73,27,3,17,72,65,80,62,80,73,27
Japan,Saudi Arabia,2,1,,57,5,73,66,75,67,75,73,28,60,4,65,56,73,62,76,65,27
Korea Republic,Uzbekistan,2,1,,56,9,66,57,76,64,75,67,27,,,,,,,,,
Panama,Mexico,0,0,,52,0,64,57,74,60,73,63,29,16,15,72,62,75,65,77,71,27
Peru,Brazil,0,2,,46,,69,65,76,61,76,69,27,7,20,76,66,77,68,80,77,27
Russia,Romania,1,0,,27,10,73,64,78,66,75,68,29,,,,,,,,,
Tunisia,Mauritania,0,0,,47,4,67,61,71,62,72,65,26,,,,,,,,,
Tunisia,Uganda,2,0,,47,4,67,61,71,62,72,65,26,,,,,,,,,
Egypt,Tunisia,1,0,,44,2,68,61,73,63,72,67,28,47,4,67,61,71,62,72,65,26
Iceland,Chile,0,1,,35,0,70,62,75,65,71,67,29,9,12,73,68,76,64,77,75,28
Tunisia,Senegal,0,2,,47,4,67,61,71,62,72,65,26,43,1,68,64,78,67,76,69,26
Senegal,Zimbabwe,2,0,,,,,,,,,,,,,,,,,,,
Egypt,Uganda,1,0,,44,2,68,61,73,63,72,67,28,,,,,,,,,
Panama,Costa Rica,1,0,,52,0,64,57,74,60,73,63,29,25,4,68,60,74,65,75,67,28
Senegal,Algeria,2,2,,43,1,68,64,78,67,76,69,26,4,32,70,62,78,62,74,70,26
Egypt,Ghana,1,0,,44,2,68,61,73,63,72,67,28,3,23,71,66,80,63,81,74,25
Brazil,Colombia,1,0,,7,20,76,66,77,68,80,77,27,4,5,73,67,79,63,78,74,27
Senegal,Cameroon,0,0,,43,1,68,64,78,67,76,69,26,7,59,69,64,81,63,81,74,26
Egypt,Morocco,1,0,,44,2,68,61,73,63,72,67,28,64,4,72,64,77,63,76,73,27
Egypt,Cameroon,1,2,,44,2,68,61,73,63,72,67,28,,,,,,,,,
Mexico,Iceland,1,0,,16,15,72,62,75,65,77,71,27,35,0,70,62,75,65,71,67,29
Iran,Iraq,0,1,,42,4,66,59,74,60,73,65,27,,,,,,,,,
Germany,England,1,0,,5,18,79,71,79,65,78,78,25,10,14,73,66,77,68,80,74,26
Argentina,Chile,1,0,,1,16,78,69,80,68,77,77,28,9,12,73,68,76,64,77,75,28
Colombia,Bolivia,1,0,,4,5,73,67,79,63,78,74,27,,,,,,,,,
Nigeria,Senegal,1,1,,67,5,67,58,79,62,77,66,26,43,1,68,64,78,67,76,69,26
Croatia,Ukraine,1,0,,23,4,74,66,77,65,74,71,27,,,,,,,,,
Mexico,Costa Rica,2,0,,16,15,72,62,75,65,77,71,27,25,4,68,60,74,65,75,67,28
Russia,Ivory Coast,0,2,,27,10,73,64,78,66,75,68,29,3,17,72,65,80,62,80,73,27
Spain,Israel,4,1,,6,14,82,69,78,67,76,79,26,,,,,,,,,
Tunisia,Cameroon,0,1,,47,4,67,61,71,62,72,65,26,,,,,,,,,
Belgium,Greece,1,1,,2,12,75,67,83,66,76,72,26,3,18,73,66,79,62,76,74,28
Portugal,Hungary,3,0,,8,6,74,67,78,67,77,75,29,,,,,,,,,
Sweden,Belarus,4,0,,36,,70,64,77,64,71,67,28,,,,,,,,,
Switzerland,Latvia,1,0,,14,10,73,66,80,69,75,71,26,,,,,,,,,
England,Lithuania,2,0,,10,14,73,66,77,68,80,74,26,,,,,,,,,
Australia,United Arab Emirates,2,0,,50,5,69,63,77,66,74,68,27,,,,,,,,,
Brazil,Paraguay,3,0,,7,20,76,66,77,68,80,77,27,,,,,,,,,
Egypt,Togo,3,0,,44,2,68,61,73,63,72,67,28,,,,,,,,,
France,Spain,0,2,,21,14,77,66,82,72,79,73,27,6,14,82,69,78,67,76,79,26
Iran,China,1,0,,42,4,66,59,74,60,73,65,27,9,12,73,68,76,64,77,75,28
Japan,Thailand,4,0,,57,5,73,66,75,67,75,73,28,,,,,,,,,
Korea Republic,Syria,1,0,,56,9,66,57,76,64,75,67,27,,,,,,,,,
Panama,USA,1,1,,52,0,64,57,74,60,73,63,29,10,31,70,66,80,62,77,72,27
Peru,Uruguay,2,1,,46,,69,65,76,61,76,69,27,,,,,,,,,
Portugal,Sweden,2,3,,8,6,74,67,78,67,77,75,29,36,,70,64,77,64,71,67,28
Russia,Belgium,3,3,,27,10,73,64,78,66,75,68,29,2,12,75,67,83,66,76,72,26
Saudi Arabia,Iraq,1,0,,60,4,65,56,73,62,76,65,27,,,,,,,,,
Senegal,Mauritania,2,0,,43,1,68,64,78,67,76,69,26,,,,,,,,,
Egypt,Libya,1,0,,44,2,68,61,73,63,72,67,28,,,,,,,,,
Mexico,Croatia,1,2,,16,15,72,62,75,65,77,71,27,23,4,74,66,77,65,74,71,27
Mexico,Ireland,3,1,,16,15,72,62,75,65,77,71,27,,,,,,,,,
Nigeria,Togo,3,0,,67,5,67,58,79,62,77,66,26,,,,,,,,,
Switzerland,Belarus,1,0,,14,10,73,66,80,69,75,71,26,,,,,,,,,
France,Paraguay,5,0,,21,14,77,66,82,72,79,73,27,,,,,,,,,
Portugal,Cyprus,4,0,,8,6,74,67,78,67,77,75,29,,,,,,,,,
Belgium,Czech Republic,2,1,,2,12,75,67,83,66,76,72,26,,,,,,,,,
Egypt,Libya,1,0,,44,2,68,61,73,63,72,67,28,,,,,,,,,
Senegal,Uganda,0,0,,43,1,68,64,78,67,76,69,26,,,,,,,,,
Denmark,Germany,1,1,,41,,73,64,78,65,73,69,28,5,18,79,71,79,65,78,78,25
Israel,Moldova,1,1,,,,,,,,,,,,,,,,,,,
Japan,Syria,1,1,,57,5,73,66,75,67,75,73,28,,,,,,,,,
Spain,Colombia,2,2,,6,14,82,69,78,67,76,79,26,4,5,73,67,79,63,78,74,27
Australia,Saudi Arabia,3,2,,50,5,69,63,77,66,74,68,27,60,4,65,56,73,62,76,65,27
Costa Rica,Panama,0,0,,25,4,68,60,74,65,75,67,28,52,0,64,57,74,60,73,63,29
Mexico,Honduras,3,0,,16,15,72,62,75,65,77,71,27,3,34,70,62,78,60,77,72,28
Peru,Paraguay,1,0,,46,,69,65,76,61,76,69,27,,,,,,,,,
Argentina,Brazil,1,0,,1,16,78,69,80,68,77,77,28,7,20,76,66,77,68,80,77,27
Russia,Chile,1,1,,27,10,73,64,78,66,75,68,29,9,12,73,68,76,64,77,75,28
Sweden,France,2,1,,36,,70,64,77,64,71,67,28,21,14,77,66,82,72,79,73,27
Germany,San Marino,7,0,,5,18,79,71,79,65,78,78,25,,,,,,,,,
Nigeria,South Africa,0,2,,67,5,67,58,79,62,77,66,26,,,,,,,,,
Senegal,Equatorial Guinea,3,0,,43,1,68,64,78,67,76,69,26,,,,,,,,,
Iceland,Croatia,1,0,,35,0,70,62,75,65,71,67,29,23,4,74,66,77,65,74,71,27
Israel,Albania,0,3,,,,,,,,,,,,,,,,,,,
Mexico,USA,1,1,,16,15,72,62,75,65,77,71,27,10,31,70,66,80,62,77,72,27
Serbia,Wales,1,1,,55,11,72,64,80,65,74,71,27,,,,,,,,,
Iran,Uzbekistan,2,0,,42,4,66,59,74,60,73,65,27,,,,,,,,,
Australia,Brazil,0,4,,50,5,69,63,77,66,74,68,27,7,20,76,66,77,68,80,77,27
Costa Rica,Trinidad and Tobago,2,1,,25,4,68,60,74,65,75,67,28,,,,,,,,,
France,England,3,2,,21,14,77,66,82,72,79,73,27,10,14,73,66,77,68,80,74,26
Panama,Honduras,2,2,,52,0,64,57,74,60,73,63,29,3,34,70,62,78,60,77,72,28
Russia,New Zealand,2,0,,27,10,73,64,78,66,75,68,29,,,,,,,,,
Portugal,Mexico,2,2,,8,6,74,67,78,67,77,75,29,16,15,72,62,75,65,77,71,27
Australia,Germany,2,3,,50,5,69,63,77,66,74,68,27,5,18,79,71,79,65,78,78,25
Mexico,New Zealand,2,1,,16,15,72,62,75,65,77,71,27,,,,,,,,,
Russia,Portugal,0,1,,27,10,73,64,78,66,75,68,29,8,6,74,67,78,67,77,75,29
Germany,Chile,1,1,,5,18,79,71,79,65,78,78,25,9,12,73,68,76,64,77,75,28
Mexico,Russia,2,1,,16,15,72,62,75,65,77,71,27,27,10,73,64,78,66,75,68,29
Germany,Cameroon,3,1,,5,18,79,71,79,65,78,78,25,7,59,69,64,81,63,81,74,26
Portugal,Chile,0,0,,8,6,74,67,78,67,77,75,29,9,12,73,68,76,64,77,75,28
Germany,Mexico,4,1,,5,18,79,71,79,65,78,78,25,16,15,72,62,75,65,77,71,27
Mexico,Paraguay,2,1,,16,15,72,62,75,65,77,71,27,,,,,,,,,
Portugal,Mexico,2,1,,8,6,74,67,78,67,77,75,29,16,15,72,62,75,65,77,71,27
Mexico,El Salvador,3,1,,16,15,72,62,75,65,77,71,27,,,,,,,,,
Costa Rica,Canada,1,1,,25,4,68,60,74,65,75,67,28,,,,,,,,,
Panama,Nicaragua,2,1,,52,0,64,57,74,60,73,63,29,,,,,,,,,
Panama,Nicaragua,2,1,,52,0,64,57,74,60,73,63,29,,,,,,,,,
Mexico,Jamaica,0,0,,16,15,72,62,75,65,77,71,27,,,,,,,,,
Costa Rica,French Guyana,3,0,,25,4,68,60,74,65,75,67,28,,,,,,,,,
Panama,Martinique,3,0,,,,,,,,,,,,,,,,,,,
Costa Rica,Panama,1,0,,25,4,68,60,74,65,75,67,28,52,0,64,57,74,60,73,63,29
Mexico,Honduras,1,0,,16,15,72,62,75,65,77,71,27,3,34,70,62,78,60,77,72,28
Costa Rica,USA,0,2,,25,4,68,60,74,65,75,67,28,10,31,70,66,80,62,77,72,27
Mexico,Jamaica,0,1,,16,15,72,62,75,65,77,71,27,,,,,,,,,
Brazil,Ecuador,2,0,,7,20,76,66,77,68,80,77,27,3,22,70,65,77,57,80,75,27
Peru,Bolivia,2,1,,46,,69,65,76,61,76,69,27,,,,,,,,,
Uruguay,Argentina,0,0,,9,12,73,66,78,68,76,74,27,1,16,78,69,80,68,77,77,28
Korea Republic,Iran,0,0,,56,9,66,57,76,64,75,67,27,42,4,66,59,74,60,73,65,27
Japan,Australia,2,0,,57,5,73,66,75,67,75,73,28,50,5,69,63,77,66,74,68,27
France,Netherlands,4,0,,21,14,77,66,82,72,79,73,27,10,8,74,68,80,63,78,75,26
Portugal,Faroe Islands,5,1,,8,6,74,67,78,67,77,75,29,,,,,,,,,
Switzerland,Andorra,3,0,,14,10,73,66,80,69,75,71,26,,,,,,,,,
Belgium,Gibraltar,9,0,,2,12,75,67,83,66,76,72,26,,,,,,,,,
Mexico,Panama,1,0,,16,15,72,62,75,65,77,71,27,52,0,64,57,74,60,73,63,29
Tunisia,Congo DR,2,1,,47,4,67,61,71,62,72,65,26,,,,,,,,,
Nigeria,Cameroon,4,0,,67,5,67,58,79,62,77,66,26,7,59,69,64,81,63,81,74,26
Denmark,Poland,4,0,,41,,73,64,78,65,73,69,28,27,7,70,63,78,64,74,67,28
Senegal,Burkina Faso,0,0,,43,1,68,64,78,67,76,69,26,,,,,,,,,
Serbia,Moldova,3,0,,55,11,72,64,80,65,74,71,27,,,,,,,,,
Israel,Macedonia,0,1,,,,,,,,,,,,,,,,,,,
Spain,Italy,3,0,,6,14,82,69,78,67,76,79,26,18,9,76,68,81,66,77,75,27
Croatia,Kosovo,1,0,,23,4,74,66,77,65,74,71,27,,,,,,,,,
France,Luxembourg,0,0,,21,14,77,66,82,72,79,73,27,,,,,,,,,
Germany,Norway,6,0,,5,18,79,71,79,65,78,78,25,,,,,,,,,
England,Slovakia,2,1,,10,14,73,66,77,68,80,74,26,,,,,,,,,
Costa Rica,Mexico,1,1,,25,4,68,60,74,65,75,67,28,16,15,72,62,75,65,77,71,27
Panama,Trinidad and Tobago,3,0,,52,0,64,57,74,60,73,63,29,,,,,,,,,
Colombia,Brazil,1,1,,4,5,73,67,79,63,78,74,27,7,20,76,66,77,68,80,77,27
Argentina,Venezuela,1,1,,1,16,78,69,80,68,77,77,28,,,,,,,,,
Iran,Syria,2,2,,42,4,66,59,74,60,73,65,27,,,,,,,,,
Australia,Thailand,2,1,,50,5,69,63,77,66,74,68,27,,,,,,,,,
Saudi Arabia,Japan,1,0,,60,4,65,56,73,62,76,65,27,57,5,73,66,75,67,75,73,28
Iceland,Ukraine,2,0,,35,0,70,62,75,65,71,67,29,,,,,,,,,
Egypt,Uganda,1,0,,44,2,68,61,73,63,72,67,28,,,,,,,,,
Colombia,Paraguay,1,2,,4,5,73,67,79,63,78,74,27,,,,,,,,,
Argentina,Peru,0,0,,1,16,78,69,80,68,77,77,28,46,,69,65,76,61,76,69,27
England,Slovenia,1,0,,10,14,73,66,77,68,80,74,26,,,,,,,,,
Iran,Togo,2,0,,42,4,66,59,74,60,73,65,27,,,,,,,,,
Mexico,Trinidad and Tobago,3,1,,16,15,72,62,75,65,77,71,27,,,,,,,,,
Spain,Albania,3,0,,6,14,82,69,78,67,76,79,26,,,,,,,,,
Croatia,Finland,1,1,,23,4,74,66,77,65,74,71,27,,,,,,,,,
Japan,New Zealand,2,1,,57,5,73,66,75,67,75,73,28,,,,,,,,,
Costa Rica,Honduras,1,1,,25,4,68,60,74,65,75,67,28,3,34,70,62,78,60,77,72,28
Nigeria,Zambia,1,0,,67,5,67,58,79,62,77,66,26,,,,,,,,,
Sweden,Luxembourg,8,0,,36,,70,64,77,64,71,67,28,,,,,,,,,
Switzerland,Hungary,5,2,,14,10,73,66,80,69,75,71,26,,,,,,,,,
Saudi Arabia,Jamaica,5,2,,60,4,65,56,73,62,76,65,27,,,,,,,,,
Russia,Korea Republic,4,2,,27,10,73,64,78,66,75,68,29,56,9,66,57,76,64,75,67,27
Egypt,Congo,2,1,,44,2,68,61,73,63,72,67,28,,,,,,,,,
Germany,Azerbaijan,5,1,,5,18,79,71,79,65,78,78,25,,,,,,,,,
Denmark,Romania,1,1,,41,,73,64,78,65,73,69,28,,,,,,,,,
Serbia,Georgia,1,0,,55,11,72,64,80,65,74,71,27,,,,,,,,,
Israel,Spain,0,1,,,,,,,,,,,6,14,82,69,78,67,76,79,26
Iceland,Kosovo,2,0,,35,0,70,62,75,65,71,67,29,,,,,,,,,
Uruguay,Bolivia,4,2,,9,12,73,66,78,68,76,74,27,,,,,,,,,
Brazil,Chile,3,0,,7,20,76,66,77,68,80,77,27,9,12,73,68,76,64,77,75,28
Peru,Colombia,1,1,,46,,69,65,76,61,76,69,27,4,5,73,67,79,63,78,74,27
Panama,Costa Rica,2,1,,52,0,64,57,74,60,73,63,29,25,4,68,60,74,65,75,67,28
Australia,Syria,2,1,,50,5,69,63,77,66,74,68,27,,,,,,,,,
France,Belarus,2,1,,21,14,77,66,82,72,79,73,27,,,,,,,,,
Portugal,Switzerland,2,0,,8,6,74,67,78,67,77,75,29,14,10,73,66,80,69,75,71,26
Belgium,Cyprus,4,0,,2,12,75,67,83,66,76,72,26,,,,,,,,,
Japan,Haiti,3,3,,57,5,73,66,75,67,75,73,28,,,,,,,,,
Korea Republic,Morocco,1,3,,56,9,66,57,76,64,75,67,27,64,4,72,64,77,63,76,73,27
Russia,Iran,1,1,,27,10,73,64,78,66,75,68,29,42,4,66,59,74,60,73,65,27
Saudi Arabia,Ghana,0,3,,60,4,65,56,73,62,76,65,27,3,23,71,66,80,63,81,74,25
Iceland,Czech Republic,1,2,,35,0,70,62,75,65,71,67,29,,,,,,,,,
Croatia,Greece,4,1,,23,4,74,66,77,65,74,71,27,3,18,73,66,79,62,76,74,28
Iran,Panama,2,1,,42,4,66,59,74,60,73,65,27,52,0,64,57,74,60,73,63,29
Sweden,Italy,1,0,,36,,70,64,77,64,71,67,28,18,9,76,68,81,66,77,75,27
Korea Republic,Colombia,2,1,,56,9,66,57,76,64,75,67,27,4,5,73,67,79,63,78,74,27
England,Germany,0,0,,10,14,73,66,77,68,80,74,26,5,18,79,71,79,65,78,78,25
Portugal,Saudi Arabia,3,0,,8,6,74,67,78,67,77,75,29,60,4,65,56,73,62,76,65,27
Belgium,Mexico,3,3,,2,12,75,67,83,66,76,72,26,16,15,72,62,75,65,77,71,27
Japan,Brazil,1,3,,57,5,73,66,75,67,75,73,28,7,20,76,66,77,68,80,77,27
France,Wales,2,0,,21,14,77,66,82,72,79,73,27,,,,,,,,,
Tunisia,Libya,0,0,,47,4,67,61,71,62,72,65,26,,,,,,,,,
Denmark,Ireland,0,0,,41,,73,64,78,65,73,69,28,,,,,,,,,
Russia,Argentina,0,1,,27,10,73,64,78,66,75,68,29,1,16,78,69,80,68,77,77,28
Spain,Costa Rica,5,0,,6,14,82,69,78,67,76,79,26,25,4,68,60,74,65,75,67,28
Switzerland,Northern Ireland,0,0,,14,10,73,66,80,69,75,71,26,,,,,,,,,
Iran,Venezuela,1,0,,42,4,66,59,74,60,73,65,27,,,,,,,,,
Senegal,South Africa,2,1,,43,1,68,64,78,67,76,69,26,,,,,,,,,
Argentina,Nigeria,2,4,,1,16,78,69,80,68,77,77,28,67,5,67,58,79,62,77,66,26
Korea Republic,Serbia,1,1,,56,9,66,57,76,64,75,67,27,55,11,72,64,80,65,74,71,27
Portugal,USA,1,1,,8,6,74,67,78,67,77,75,29,10,31,70,66,80,62,77,72,27
Russia,Spain,3,3,,27,10,73,64,78,66,75,68,29,6,14,82,69,78,67,76,79,26
England,Brazil,0,0,,10,14,73,66,77,68,80,74,26,7,20,76,66,77,68,80,77,27
Belgium,Japan,1,0,,2,12,75,67,83,66,76,72,26,57,5,73,66,75,67,75,73,28
Germany,France,2,2,,5,18,79,71,79,65,78,78,25,21,14,77,66,82,72,79,73,27
Australia,Honduras,3,1,,50,5,69,63,77,66,74,68,27,3,34,70,62,78,60,77,72,28
Peru,New Zealand,2,0,,46,,69,65,76,61,76,69,27,,,,,,,,,
Brazil,Croatia,3,1,,7,20,76,66,77,68,80,77,27,23,4,74,66,77,65,74,71,27
Chile,Australia,3,1,,9,12,73,68,76,64,77,75,28,50,5,69,63,77,66,74,68,27
Ivory Coast,Japan,2,1,,3,17,72,65,80,62,80,73,27,57,5,73,66,75,67,75,73,28
Uruguay,Costa Rica,1,3,,9,12,73,66,78,68,76,74,27,25,4,68,60,74,65,75,67,28
Germany,Portugal,4,0,,5,18,79,71,79,65,78,78,25,8,6,74,67,78,67,77,75,29
Iran,Nigeria,0,0,,42,4,66,59,74,60,73,65,27,67,5,67,58,79,62,77,66,26
Brazil,Mexico,0,0,,7,20,76,66,77,68,80,77,27,16,15,72,62,75,65,77,71,27
Russia,Korea Republic,1,1,,27,10,73,64,78,66,75,68,29,56,9,66,57,76,64,75,67,27
Cameroon,Croatia,0,4,,7,59,69,64,81,63,81,74,26,23,4,74,66,77,65,74,71,27
Uruguay,England,2,1,,9,12,73,66,78,68,76,74,27,10,14,73,66,77,68,80,74,26
Italy,Costa Rica,0,1,,18,9,76,68,81,66,77,75,27,25,4,68,60,74,65,75,67,28
Switzerland,France,2,5,,14,10,73,66,80,69,75,71,26,21,14,77,66,82,72,79,73,27
Argentina,Iran,1,0,,1,16,78,69,80,68,77,77,28,42,4,66,59,74,60,73,65,27
Belgium,Russia,1,0,,2,12,75,67,83,66,76,72,26,27,10,73,64,78,66,75,68,29
USA,Portugal,2,2,,10,31,70,66,80,62,77,72,27,8,6,74,67,78,67,77,75,29
Australia,Spain,0,3,,50,5,69,63,77,66,74,68,27,6,14,82,69,78,67,76,79,26
Cameroon,Brazil,1,4,,7,59,69,64,81,63,81,74,26,7,20,76,66,77,68,80,77,27
Croatia,Mexico,1,3,,23,4,74,66,77,65,74,71,27,16,15,72,62,75,65,77,71,27
Costa Rica,England,0,0,,25,4,68,60,74,65,75,67,28,10,14,73,66,77,68,80,74,26
Italy,Uruguay,0,1,,18,9,76,68,81,66,77,75,27,9,12,73,66,78,68,76,74,27
Japan,Colombia,1,4,,57,5,73,66,75,67,75,73,28,4,5,73,67,79,63,78,74,27
Bosnia-Herzegovina,Iran,3,1,,1,16,73,66,79,61,77,75,27,42,4,66,59,74,60,73,65,27
Ecuador,France,0,0,,3,22,70,65,77,57,80,75,27,21,14,77,66,82,72,79,73,27
Honduras,Switzerland,0,3,,3,34,70,62,78,60,77,72,28,14,10,73,66,80,69,75,71,26
Nigeria,Argentina,2,3,,67,5,67,58,79,62,77,66,26,1,16,78,69,80,68,77,77,28
Algeria,Russia,1,1,,4,32,70,62,78,62,74,70,26,27,10,73,64,78,66,75,68,29
Korea Republic,Belgium,0,1,,56,9,66,57,76,64,75,67,27,2,12,75,67,83,66,76,72,26
USA,Germany,0,1,,10,31,70,66,80,62,77,72,27,5,18,79,71,79,65,78,78,25
Colombia,Uruguay,2,0,,4,5,73,67,79,63,78,74,27,9,12,73,66,78,68,76,74,27
Netherlands,Mexico,2,1,,10,8,74,68,80,63,78,75,26,16,15,72,62,75,65,77,71,27
France,Nigeria,2,0,,21,14,77,66,82,72,79,73,27,67,5,67,58,79,62,77,66,26
Argentina,Switzerland,1,0,,1,16,78,69,80,68,77,77,28,14,10,73,66,80,69,75,71,26
Brazil,Colombia,2,1,,7,20,76,66,77,68,80,77,27,4,5,73,67,79,63,78,74,27
France,Germany,0,1,,21,14,77,66,82,72,79,73,27,5,18,79,71,79,65,78,78,25
Argentina,Belgium,1,0,,1,16,78,69,80,68,77,77,28,2,12,75,67,83,66,76,72,26
Netherlands,Costa Rica,0,0,,10,8,74,68,80,63,78,75,26,25,4,68,60,74,65,75,67,28
Brazil,Germany,1,7,,7,20,76,66,77,68,80,77,27,5,18,79,71,79,65,78,78,25
Netherlands,Argentina,0,0,,10,8,74,68,80,63,78,75,26,1,16,78,69,80,68,77,77,28
Germany,Argentina,1,0,,5,18,79,71,79,65,78,78,25,1,16,78,69,80,68,77,77,28
Germany,Argentina,2,4,,5,18,79,71,79,65,78,78,25,1,16,78,69,80,68,77,77,28
Belgium,Australia,2,0,,2,12,75,67,83,66,76,72,26,50,5,69,63,77,66,74,68,27
France,Spain,1,0,,21,14,77,66,82,72,79,73,27,6,14,82,69,78,67,76,79,26
Iraq,Peru,0,2,,,,,,,,,,,46,,69,65,76,61,76,69,27
Japan,Uruguay,0,2,,57,5,73,66,75,67,75,73,28,9,12,73,66,78,68,76,74,27
Senegal,Egypt,2,0,,43,1,68,64,78,67,76,69,26,44,2,68,61,73,63,72,67,28
Costa Rica,Panama,2,2,,25,4,68,60,74,65,75,67,28,52,0,64,57,74,60,73,63,29
Serbia,France,1,1,,55,11,72,64,80,65,74,71,27,21,14,77,66,82,72,79,73,27
Australia,Saudi Arabia,3,2,,50,5,69,63,77,66,74,68,27,60,4,65,56,73,62,76,65,27
Austria,Sweden,1,1,,,,,,,,,,,36,,70,64,77,64,71,67,28
Korea Republic,Uruguay,0,1,,56,9,66,57,76,64,75,67,27,9,12,73,66,78,68,76,74,27
Switzerland,England,0,2,,14,10,73,66,80,69,75,71,26,10,14,73,66,77,68,80,74,26
Qatar,Peru,0,2,,,,,,,,,,,46,,69,65,76,61,76,69,27
Botswana,Senegal,0,2,,,,,,,,,,,43,1,68,64,78,67,76,69,26
Egypt,Tunisia,0,1,,44,2,68,61,73,63,72,67,28,47,4,67,61,71,62,72,65,26
South Africa,Nigeria,0,0,,,,,,,,,,,67,5,67,58,79,62,77,66,26
Slovakia,Spain,2,1,,,,,,,,,,,6,14,82,69,78,67,76,79,26
Slovenia,Switzerland,1,0,,,,,,,,,,,14,10,73,66,80,69,75,71,26
Sweden,Russia,1,1,,36,,70,64,77,64,71,67,28,27,10,73,64,78,66,75,68,29
Botswana,Egypt,0,2,,,,,,,,,,,44,2,68,61,73,63,72,67,28
Bulgaria,Croatia,0,1,,,,,,,,,,,23,4,74,66,77,65,74,71,27
Cyprus,Israel,1,2,,,,,,,,,,,,,,,,,,,
Latvia,Iceland,0,3,,,,,,,,,,,35,0,70,62,75,65,71,67,29
Oman,Costa Rica,3,4,,,,,,,,,,,25,4,68,60,74,65,75,67,28
Saudi Arabia,Uruguay,1,1,,60,4,65,56,73,62,76,65,27,9,12,73,66,78,68,76,74,27
Senegal,Tunisia,0,0,,43,1,68,64,78,67,76,69,26,47,4,67,61,71,62,72,65,26
United Arab Emirates,Australia,0,0,,,,,,,,,,,50,5,69,63,77,66,74,68,27
Albania,Denmark,1,1,,,,,,,,,,,41,,73,64,78,65,73,69,28
Argentina,Brazil,0,2,,1,16,78,69,80,68,77,77,28,7,20,76,66,77,68,80,77,27
Armenia,Serbia,1,1,,,,,,,,,,,55,11,72,64,80,65,74,71,27
France,Portugal,2,1,,21,14,77,66,82,72,79,73,27,8,6,74,67,78,67,77,75,29
Poland,Germany,2,0,,27,7,70,63,78,64,74,67,28,5,18,79,71,79,65,78,78,25
Sudan,Nigeria,1,0,,,,,,,,,,,67,5,67,58,79,62,77,66,26
Estonia,England,0,1,,,,,,,,,,,10,14,73,66,77,68,80,74,26
Luxembourg,Spain,0,4,,,,,,,,,,,6,14,82,69,78,67,76,79,26
Mexico,Panama,1,0,,16,15,72,62,75,65,77,71,27,52,0,64,57,74,60,73,63,29
Andorra,Israel,1,4,,,,,,,,,,,,,,,,,,,
Bosnia-Herzegovina,Belgium,1,1,,1,16,73,66,79,61,77,75,27,2,12,75,67,83,66,76,72,26
Oman,Uruguay,0,3,,,,,,,,,,,9,12,73,66,78,68,76,74,27
Armenia,France,0,3,,,,,,,,,,,21,14,77,66,82,72,79,73,27
Denmark,Portugal,0,1,,41,,73,64,78,65,73,69,28,8,6,74,67,78,67,77,75,29
Hong Kong,Argentina,0,7,,,,,,,,,,,1,16,78,69,80,68,77,77,28
Japan,Brazil,0,4,,57,5,73,66,75,67,75,73,28,7,20,76,66,77,68,80,77,27
Korea Republic,Costa Rica,1,3,,56,9,66,57,76,64,75,67,27,25,4,68,60,74,65,75,67,28
Qatar,Australia,1,0,,,,,,,,,,,50,5,69,63,77,66,74,68,27
San Marino,Switzerland,0,4,,,,,,,,,,,14,10,73,66,80,69,75,71,26
Tunisia,Senegal,1,0,,47,4,67,61,71,62,72,65,26,43,1,68,64,78,67,76,69,26
Argentina,Croatia,2,1,,1,16,78,69,80,68,77,77,28,23,4,74,66,77,65,74,71,27
Belgium,Iceland,3,1,,2,12,75,67,83,66,76,72,26,35,0,70,62,75,65,71,67,29
Netherlands,Mexico,2,3,,10,8,74,68,80,63,78,75,26,16,15,72,62,75,65,77,71,27
Turkey,Brazil,0,4,,,,,,,,,,,7,20,76,66,77,68,80,77,27
Uruguay,Costa Rica,3,3,,9,12,73,66,78,68,76,74,27,25,4,68,60,74,65,75,67,28
Botswana,Tunisia,0,0,,,,,,,,,,,47,4,67,61,71,62,72,65,26
Jordan,Korea Republic,0,1,,,,,,,,,,,56,9,66,57,76,64,75,67,27
Paraguay,Peru,2,1,,,,,,,,,,,46,,69,65,76,61,76,69,27
Serbia,Denmark,1,3,,55,11,72,64,80,65,74,71,27,41,,73,64,78,65,73,69,28
USA,Colombia,1,2,,10,31,70,66,80,62,77,72,27,4,5,73,67,79,63,78,74,27
Austria,Russia,1,0,,,,,,,,,,,27,10,73,64,78,66,75,68,29
Congo,Nigeria,0,2,,,,,,,,,,,67,5,67,58,79,62,77,66,26
Egypt,Senegal,0,1,,44,2,68,61,73,63,72,67,28,43,1,68,64,78,67,76,69,26
Montenegro,Sweden,1,1,,,,,,,,,,,36,,70,64,77,64,71,67,28
Czech Republic,Iceland,2,1,,,,,,,,,,,35,0,70,62,75,65,71,67,29
Italy,Croatia,1,1,,18,9,76,68,81,66,77,75,27,23,4,74,66,77,65,74,71,27
Austria,Brazil,1,2,,,,,,,,,,,7,20,76,66,77,68,80,77,27
Belarus,Mexico,3,2,,,,,,,,,,,16,15,72,62,75,65,77,71,27
Chile,Uruguay,1,2,,9,12,73,68,76,64,77,75,28,9,12,73,66,78,68,76,74,27
France,Sweden,1,0,,21,14,77,66,82,72,79,73,27,36,,70,64,77,64,71,67,28
Greece,Serbia,0,2,,3,18,73,66,79,62,76,74,28,55,11,72,64,80,65,74,71,27
Hungary,Russia,1,2,,,,,,,,,,,27,10,73,64,78,66,75,68,29
Iran,Korea Republic,1,0,,42,4,66,59,74,60,73,65,27,56,9,66,57,76,64,75,67,27
Japan,Australia,2,1,,57,5,73,66,75,67,75,73,28,50,5,69,63,77,66,74,68,27
Portugal,Argentina,1,0,,8,6,74,67,78,67,77,75,29,1,16,78,69,80,68,77,77,28
Romania,Denmark,2,0,,,,,,,,,,,41,,73,64,78,65,73,69,28
Scotland,England,1,3,,,,,,,,,,,10,14,73,66,77,68,80,74,26
Slovenia,Colombia,0,1,,,,,,,,,,,4,5,73,67,79,63,78,74,27
Spain,Germany,0,1,,6,14,82,69,78,67,76,79,26,5,18,79,71,79,65,78,78,25
Tunisia,Egypt,2,1,,47,4,67,61,71,62,72,65,26,44,2,68,61,73,63,72,67,28
Bahrain,Saudi Arabia,4,1,,,,,,,,,,,60,4,65,56,73,62,76,65,27
Korea Republic,Saudi Arabia,2,0,,56,9,66,57,76,64,75,67,27,,,,,,,,,
Kuwait,Korea Republic,0,1,,,,,,,,,,,56,9,66,57,76,64,75,67,27
Oman,Australia,0,4,,,,,,,,,,,50,5,69,63,77,66,74,68,27
Korea DPR,Saudi Arabia,1,4,,,,,,,,,,,60,4,65,56,73,62,76,65,27
Qatar,Iran,0,1,,,,,,,,,,,42,4,66,59,74,60,73,65,27
Canada,Iceland,1,2,,,,,,,,,,,35,0,70,62,75,65,71,67,29
Iraq,Japan,0,1,,,,,,,,,,,57,5,73,66,75,67,75,73,28
Australia,Korea Republic,0,1,,50,5,69,63,77,66,74,68,27,56,9,66,57,76,64,75,67,27
Yemen,Nigeria,0,2,,,,,,,,,,,67,5,67,58,79,62,77,66,26
Uzbekistan,Saudi Arabia,3,1,,,,,,,,,,,60,4,65,56,73,62,76,65,27
Canada,Iceland,1,1,,,,,,,,,,,35,0,70,62,75,65,71,67,29
Finland,Sweden,1,0,,,,,,,,,,,36,,70,64,77,64,71,67,28
Ghana,Senegal,1,2,,3,23,71,66,80,63,81,74,25,43,1,68,64,78,67,76,69,26
China,Australia,0,2,,9,12,73,68,76,64,77,75,28,50,5,69,63,77,66,74,68,27
Zambia,Tunisia,1,2,,,,,,,,,,,47,4,67,61,71,62,72,65,26
South Africa,Senegal,1,1,,,,,,,,,,,43,1,68,64,78,67,76,69,26
Congo DR,Tunisia,1,1,,,,,,,,,,,47,4,67,61,71,62,72,65,26
Korea Republic,Australia,1,2,,56,9,66,57,76,64,75,67,27,50,5,69,63,77,66,74,68,27
USA,Panama,2,0,,10,31,70,66,80,62,77,72,27,52,0,64,57,74,60,73,63,29
Germany,Australia,2,2,,5,18,79,71,79,65,78,78,25,50,5,69,63,77,66,74,68,27
Bahrain,Colombia,0,6,,,,,,,,,,,4,5,73,67,79,63,78,74,27
Chile,Iran,0,2,,9,12,73,68,76,64,77,75,28,42,4,66,59,74,60,73,65,27
France,Brazil,1,3,,21,14,77,66,82,72,79,73,27,7,20,76,66,77,68,80,77,27
Japan,Tunisia,2,0,,57,5,73,66,75,67,75,73,28,47,4,67,61,71,62,72,65,26
Moldova,Sweden,0,2,,,,,,,,,,,36,,70,64,77,64,71,67,28
Montenegro,Russia,0,3,,,,,,,,,,,27,10,73,64,78,66,75,68,29
Trinidad and Tobago,Panama,0,1,,,,,,,,,,,52,0,64,57,74,60,73,63,29
Ghana,Senegal,1,2,,3,23,71,66,80,63,81,74,25,43,1,68,64,78,67,76,69,26
Kazakhstan,Iceland,0,3,,,,,,,,,,,35,0,70,62,75,65,71,67,29
Morocco,Uruguay,0,1,,64,4,72,64,77,63,76,73,27,9,12,73,66,78,68,76,74,27
France,Denmark,2,0,,21,14,77,66,82,72,79,73,27,41,,73,64,78,65,73,69,28
Georgia,Germany,0,2,,,,,,,,,,,5,18,79,71,79,65,78,78,25
Portugal,Serbia,2,1,,8,6,74,67,78,67,77,75,29,55,11,72,64,80,65,74,71,27
South Africa,Nigeria,1,1,,,,,,,,,,,67,5,67,58,79,62,77,66,26
Kuwait,Colombia,1,3,,,,,,,,,,,4,5,73,67,79,63,78,74,27
Macedonia,Australia,0,0,,,,,,,,,,,50,5,69,63,77,66,74,68,27
China,Tunisia,1,1,,,,,,,,,,,47,4,67,61,71,62,72,65,26
Estonia,Iceland,1,1,,,,,,,,,,,35,0,70,62,75,65,71,67,29
Israel,Belgium,0,1,,,,,,,,,,,2,12,75,67,83,66,76,72,26
Italy,England,1,1,,18,9,76,68,81,66,77,75,27,10,14,73,66,77,68,80,74,26
Netherlands,Spain,2,0,,10,8,74,68,80,63,78,75,26,6,14,82,69,78,67,76,79,26
Panama,Costa Rica,2,1,,52,0,64,57,74,60,73,63,29,25,4,68,60,74,65,75,67,28
Sweden,Iran,3,1,,36,,70,64,77,64,71,67,28,42,4,66,59,74,60,73,65,27
USA,Mexico,2,0,,10,31,70,66,80,62,77,72,27,16,15,72,62,75,65,77,71,27
Colombia,Costa Rica,1,0,,4,5,73,67,79,63,78,74,27,25,4,68,60,74,65,75,67,28
Ecuador,Panama,4,0,,3,22,70,65,77,57,80,75,27,52,0,64,57,74,60,73,63,29
Brazil,Mexico,2,0,,7,20,76,66,77,68,80,77,27,16,15,72,62,75,65,77,71,27
France,Belgium,3,4,,21,14,77,66,82,72,79,73,27,2,12,75,67,83,66,76,72,26
Ireland,England,0,0,,,,,,,,,,,10,14,73,66,77,68,80,74,26
Norway,Sweden,0,0,,36,,70,64,77,64,71,67,28,,,,,,,,,
Spain,Costa Rica,2,1,,6,14,82,69,78,67,76,79,26,25,4,68,60,74,65,75,67,28
Uzbekistan,Iran,0,1,,,,,,,,,,,42,4,66,59,74,60,73,65,27
Bosnia-Herzegovina,Israel,3,1,,1,16,73,66,79,61,77,75,27,,,,,,,,,
Wales,Belgium,1,0,,,,,,,,,,,2,12,75,67,83,66,76,72,26
Albania,France,1,0,,,,,,,,,,,21,14,77,66,82,72,79,73,27
Armenia,Portugal,2,3,,,,,,,,,,,8,6,74,67,78,67,77,75,29
Denmark,Serbia,2,0,,41,,73,64,78,65,73,69,28,55,11,72,64,80,65,74,71,27
Gibraltar,Germany,0,7,,,,,,,,,,,5,18,79,71,79,65,78,78,25
Belarus,Spain,0,1,,,,,,,,,,,6,14,82,69,78,67,76,79,26
Brazil,Peru,2,1,,7,20,76,66,77,68,80,77,27,46,,69,65,76,61,76,69,27
Lithuania,Switzerland,1,2,,,,,,,,,,,14,10,73,66,80,69,75,71,26
Slovenia,England,2,3,,,,,,,,,,,10,14,73,66,77,68,80,74,26
Chile,Mexico,3,3,,9,12,73,68,76,64,77,75,28,16,15,72,62,75,65,77,71,27
Morocco,Tunisia,1,1,,64,4,72,64,77,63,76,73,27,47,4,67,61,71,62,72,65,26
Argentina,Uruguay,1,0,,1,16,78,69,80,68,77,77,28,9,12,73,66,78,68,76,74,27
Burma,Korea Republic,0,2,,,,,,,,,,,56,9,66,57,76,64,75,67,27
Italy,Portugal,0,1,,18,9,76,68,81,66,77,75,27,8,6,74,67,78,67,77,75,29
Kyrgyzstan,Australia,1,2,,,,,,,,,,,50,5,69,63,77,66,74,68,27
Turkmenistan,Iran,1,1,,,,,,,,,,,42,4,66,59,74,60,73,65,27
Brazil,Colombia,0,1,,7,20,76,66,77,68,80,77,27,4,5,73,67,79,63,78,74,27
Colombia,Peru,0,0,,,,,,,,,,,46,,69,65,76,61,76,69,27
Chile,Uruguay,1,0,,9,12,73,68,76,64,77,75,28,9,12,73,66,78,68,76,74,27
Bolivia,Peru,1,3,,,,,,,,,,,46,,69,65,76,61,76,69,27
Argentina,Colombia,0,0,,1,16,78,69,80,68,77,77,28,4,5,73,67,79,63,78,74,27
Mexico,Costa Rica,2,2,,16,15,72,62,75,65,77,71,27,25,4,68,60,74,65,75,67,28
Chile,Peru,2,1,,9,12,73,68,76,64,77,75,28,46,,69,65,76,61,76,69,27
Honduras,Mexico,0,0,,3,34,70,62,78,60,77,72,28,16,15,72,62,75,65,77,71,27
Chile,Argentina,0,0,,9,12,73,68,76,64,77,75,28,1,16,78,69,80,68,77,77,28
Honduras,Panama,1,1,,3,34,70,62,78,60,77,72,28,52,0,64,57,74,60,73,63,29
Guatemala,Mexico,0,0,,,,,,,,,,,16,15,72,62,75,65,77,71,27
Canada,Costa Rica,0,0,,,,,,,,,,,25,4,68,60,74,65,75,67,28
Trinidad and Tobago,Mexico,4,4,,,,,,,,,,,16,15,72,62,75,65,77,71,27
Mexico,Costa Rica,1,0,,16,15,72,62,75,65,77,71,27,25,4,68,60,74,65,75,67,28
Trinidad and Tobago,Panama,1,1,,,,,,,,,,,52,0,64,57,74,60,73,63,29
Panama,Mexico,1,2,,52,0,64,57,74,60,73,63,29,16,15,72,62,75,65,77,71,27
USA,Panama,1,1,,10,31,70,66,80,62,77,72,27,52,0,64,57,74,60,73,63,29
Jamaica,Mexico,1,3,,,,,,,,,,,16,15,72,62,75,65,77,71,27
China,Korea Republic,0,2,,,,,,,,,,,56,9,66,57,76,64,75,67,27
Korea DPR,Japan,2,1,,,,,,,,,,,57,5,73,66,75,67,75,73,28
Japan,Korea Republic,1,1,,57,5,73,66,75,67,75,73,28,56,9,66,57,76,64,75,67,27
China,Japan,1,1,,,,,,,,,,,57,5,73,66,75,67,75,73,28
Azerbaijan,Croatia,0,0,,,,,,,,,,,23,4,74,66,77,65,74,71,27
Netherlands,Iceland,0,1,,10,8,74,68,80,63,78,75,26,35,0,70,62,75,65,71,67,29
Portugal,France,0,1,,8,6,74,67,78,67,77,75,29,21,14,77,66,82,72,79,73,27
Costa Rica,Brazil,0,1,,25,4,68,60,74,65,75,67,28,7,20,76,66,77,68,80,77,27
Liberia,Tunisia,1,0,,,,,,,,,,,47,4,67,61,71,62,72,65,26
Namibia,Senegal,0,2,,,,,,,,,,,43,1,68,64,78,67,76,69,26
Russia,Sweden,1,0,,27,10,73,64,78,66,75,68,29,36,,70,64,77,64,71,67,28
San Marino,England,0,6,,,,,,,,,,,10,14,73,66,77,68,80,74,26
Tanzania,Nigeria,0,0,,,,,,,,,,,67,5,67,58,79,62,77,66,26
Chad,Egypt,1,5,,,,,,,,,,,44,2,68,61,73,63,72,67,28
Cyprus,Belgium,0,1,,,,,,,,,,,2,12,75,67,83,66,76,72,26
Norway,Croatia,2,0,,,,,,,,,,,23,4,74,66,77,65,74,71,27
Wales,Israel,0,0,,,,,,,,,,,,,,,,,,,
Albania,Portugal,0,1,,,,,,,,,,,8,6,74,67,78,67,77,75,29
Armenia,Denmark,0,0,,,,,,,,,,,41,,73,64,78,65,73,69,28
France,Serbia,2,1,,21,14,77,66,82,72,79,73,27,55,11,72,64,80,65,74,71,27
Scotland,Germany,2,3,,,,,,,,,,,5,18,79,71,79,65,78,78,25
Afghanistan,Japan,0,6,,,,,,,,,,,57,5,73,66,75,67,75,73,28
England,Switzerland,2,0,,14,10,73,66,80,69,75,71,26,10,14,73,66,77,68,80,74,26
Mexico,Argentina,2,2,,16,15,72,62,75,65,77,71,27,1,16,78,69,80,68,77,77,28
Colombia,Peru,2,0,,4,5,73,67,79,63,78,74,27,46,,69,65,76,61,76,69,27
Ireland,Germany,1,0,,,,,,,,,,,5,18,79,71,79,65,78,78,25
Portugal,Denmark,1,0,,8,6,74,67,78,67,77,75,29,41,,73,64,78,65,73,69,28
USA,Mexico,2,3,,10,31,70,66,80,62,77,72,27,16,15,72,62,75,65,77,71,27
Denmark,France,1,2,,41,,73,64,78,65,73,69,28,21,14,77,66,82,72,79,73,27
Serbia,Portugal,1,2,,55,11,72,64,80,65,74,71,27,8,6,74,67,78,67,77,75,29
Ukraine,Spain,0,1,,,,,,,,,,,6,14,82,69,78,67,76,79,26
Algeria,Senegal,1,0,,4,32,70,62,78,62,74,70,26,43,1,68,64,78,67,76,69,26
Belgium,Israel,3,1,,2,12,75,67,83,66,76,72,26,,,,,,,,,
Iran,Japan,1,1,,42,4,66,59,74,60,73,65,27,57,5,73,66,75,67,75,73,28
Turkey,Iceland,1,0,,,,,,,,,,,35,0,70,62,75,65,71,67,29
France,Germany,2,0,,21,14,77,66,82,72,79,73,27,5,18,79,71,79,65,78,78,25
Spain,England,2,0,,6,14,82,69,78,67,76,79,26,10,14,73,66,77,68,80,74,26
Russia,Portugal,1,0,,27,10,73,64,78,66,75,68,29,8,6,74,67,78,67,77,75,29
Sweden,Denmark,2,1,,36,,70,64,77,64,71,67,28,41,,73,64,78,65,73,69,28
Colombia,Argentina,0,1,,4,5,73,67,79,63,78,74,27,1,16,78,69,80,68,77,77,28
Denmark,Sweden,2,2,,41,,73,64,78,65,73,69,28,,,,,,,,,
England,France,2,0,,10,14,73,66,77,68,80,74,26,21,14,77,66,82,72,79,73,27
Honduras,Mexico,0,2,,3,34,70,62,78,60,77,72,28,16,15,72,62,75,65,77,71,27
Russia,Croatia,1,3,,27,10,73,64,78,66,75,68,29,23,4,74,66,77,65,74,71,27
Tunisia,Nigeria,1,1,,47,4,67,61,71,62,72,65,26,67,5,67,58,79,62,77,66,26
USA,Iceland,3,2,,10,31,70,66,80,62,77,72,27,35,0,70,62,75,65,71,67,29
Croatia,Israel,2,0,,23,4,74,66,77,65,74,71,27,,,,,,,,,
Chile,Argentina,1,2,,9,12,73,68,76,64,77,75,28,1,16,78,69,80,68,77,77,28
Denmark,Iceland,2,1,,41,,73,64,78,65,73,69,28,35,0,70,62,75,65,71,67,29
Italy,Spain,1,1,,18,9,76,68,81,66,77,75,27,6,14,82,69,78,67,76,79,26
Brazil,Uruguay,2,2,,7,20,76,66,77,68,80,77,27,9,12,73,66,78,68,76,74,27
Ireland,Switzerland,1,0,,,,,,,,,,,14,10,73,66,80,69,75,71,26
Netherlands,France,2,3,,10,8,74,68,80,63,78,75,26,21,14,77,66,82,72,79,73,27
Nigeria,Egypt,1,1,,67,5,67,58,79,62,77,66,26,44,2,68,61,73,63,72,67,28
Germany,England,2,3,,5,18,79,71,79,65,78,78,25,10,14,73,66,77,68,80,74,26
Egypt,Nigeria,1,0,,44,2,68,61,73,63,72,67,28,67,5,67,58,79,62,77,66,26
France,Russia,4,2,,21,14,77,66,82,72,79,73,27,27,10,73,64,78,66,75,68,29
Greece,Iceland,2,3,,3,18,73,66,79,62,76,74,28,35,0,70,62,75,65,71,67,29
Portugal,Belgium,2,1,,8,6,74,67,78,67,77,75,29,2,12,75,67,83,66,76,72,26
Scotland,Denmark,1,0,,,,,,,,,,,41,,73,64,78,65,73,69,28
Togo,Tunisia,0,0,,,,,,,,,,,47,4,67,61,71,62,72,65,26
Uruguay,Peru,1,0,,9,12,73,66,78,68,76,74,27,46,,69,65,76,61,76,69,27
England,Australia,2,1,,10,14,73,66,77,68,80,74,26,50,5,69,63,77,66,74,68,27
Switzerland,Belgium,1,2,,14,10,73,66,80,69,75,71,26,2,12,75,67,83,66,76,72,26
Bosnia-Herzegovina,Spain,1,3,,1,16,73,66,79,61,77,75,27,6,14,82,69,78,67,76,79,26
Serbia,Israel,3,1,,55,11,72,64,80,65,74,71,27,,,,,,,,,
Spain,Korea Republic,6,1,,6,14,82,69,78,67,76,79,26,56,9,66,57,76,64,75,67,27
England,Portugal,1,0,,10,14,73,66,77,68,80,74,26,8,6,74,67,78,67,77,75,29
Bosnia-Herzegovina,Denmark,2,2,,1,16,73,66,79,61,77,75,27,41,,73,64,78,65,73,69,28
Czech Republic,Korea Republic,1,2,,,,,,,,,,,56,9,66,57,76,64,75,67,27
Mexico,Uruguay,3,1,,16,15,72,62,75,65,77,71,27,9,12,73,66,78,68,76,74,27
Russia,Serbia,1,1,,27,10,73,64,78,66,75,68,29,55,11,72,64,80,65,74,71,27
Bulgaria,Denmark,0,4,,,,,,,,,,,41,,73,64,78,65,73,69,28
USA,Costa Rica,4,0,,10,31,70,66,80,62,77,72,27,25,4,68,60,74,65,75,67,28
Argentina,Panama,5,0,,1,16,78,69,80,68,77,77,28,52,0,64,57,74,60,73,63,29
Colombia,Costa Rica,2,3,,4,5,73,67,79,63,78,74,27,25,4,68,60,74,65,75,67,28
England,Russia,1,1,,10,14,73,66,77,68,80,74,26,27,10,73,64,78,66,75,68,29
Brazil,Peru,0,1,,7,20,76,66,77,68,80,77,27,46,,69,65,76,61,76,69,27
Ireland,Sweden,1,1,,36,,70,64,77,64,71,67,28,,,,,,,,,
Chile,Panama,4,2,,9,12,73,68,76,64,77,75,28,52,0,64,57,74,60,73,63,29
Portugal,Iceland,1,1,,8,6,74,67,78,67,77,75,29,35,0,70,62,75,65,71,67,29
Italy,Sweden,1,0,,18,9,76,68,81,66,77,75,27,36,,70,64,77,64,71,67,28
Peru,Colombia,0,0,,46,,69,65,76,61,76,69,27,4,5,73,67,79,63,78,74,27
Switzerland,France,0,0,,14,10,73,66,80,69,75,71,26,21,14,77,66,82,72,79,73,27
Croatia,Spain,2,1,,23,4,74,66,77,65,74,71,27,6,14,82,69,78,67,76,79,26
USA,Argentina,0,4,,10,31,70,66,80,62,77,72,27,1,16,78,69,80,68,77,77,28
Sweden,Belgium,0,1,,36,,70,64,77,64,71,67,28,2,12,75,67,83,66,76,72,26
Croatia,Portugal,0,1,,23,4,74,66,77,65,74,71,27,8,6,74,67,78,67,77,75,29
USA,Colombia,0,1,,,,,,,,,,,4,5,73,67,79,63,78,74,27
England,Iceland,1,2,,10,14,73,66,77,68,80,74,26,35,0,70,62,75,65,71,67,29
Italy,Spain,2,0,,18,9,76,68,81,66,77,75,27,6,14,82,69,78,67,76,79,26
France,Iceland,5,2,,21,14,77,66,82,72,79,73,27,35,0,70,62,75,65,71,67,29
Germany,France,0,2,,5,18,79,71,79,65,78,78,25,21,14,77,66,82,72,79,73,27
Portugal,France,1,0,,8,6,74,67,78,67,77,75,29,21,14,77,66,82,72,79,73,27
Belgium,Spain,0,2,,2,12,75,67,83,66,76,72,26,6,14,82,69,78,67,76,79,26
Italy,France,1,3,,18,9,76,68,81,66,77,75,27,21,14,77,66,82,72,79,73,27
Brazil,Colombia,2,1,,7,20,76,66,77,68,80,77,27,4,5,73,67,79,63,78,74,27
Costa Rica,Panama,3,1,,25,4,68,60,74,65,75,67,28,52,0,64,57,74,60,73,63,29
Switzerland,Portugal,2,0,,14,10,73,66,80,69,75,71,26,8,6,74,67,78,67,77,75,29
Qatar,Serbia,3,0,,,,,,,,,,,55,11,72,64,80,65,74,71,27
Italy,Spain,1,1,,18,9,76,68,81,66,77,75,27,6,14,82,69,78,67,76,79,26
Saudi Arabia,Australia,2,2,,60,4,65,56,73,62,76,65,27,50,5,69,63,77,66,74,68,27
Hungary,Switzerland,2,3,,,,,,,,,,,14,10,73,66,80,69,75,71,26
Russia,Costa Rica,3,4,,27,10,73,64,78,66,75,68,29,25,4,68,60,74,65,75,67,28
Netherlands,France,0,1,,10,8,74,68,80,63,78,75,26,21,14,77,66,82,72,79,73,27
Australia,Japan,1,1,,50,5,69,63,77,66,74,68,27,57,5,73,66,75,67,75,73,28
Chile,Peru,2,1,,9,12,73,68,76,64,77,75,28,46,,69,65,76,61,76,69,27
Colombia,Uruguay,2,2,,9,12,73,66,78,68,76,74,27,4,5,73,67,79,63,78,74,27
Iran,Korea Republic,1,0,,42,4,66,59,74,60,73,65,27,56,9,66,57,76,64,75,67,27
Mexico,Panama,1,0,,16,15,72,62,75,65,77,71,27,52,0,64,57,74,60,73,63,29
Netherlands,Belgium,1,1,,10,8,74,68,80,63,78,75,26,2,12,75,67,83,66,76,72,26
France,Sweden,2,1,,21,14,77,66,82,72,79,73,27,36,,70,64,77,64,71,67,28
Honduras,Panama,0,1,,3,34,70,62,78,60,77,72,28,52,0,64,57,74,60,73,63,29
Croatia,Iceland,2,0,,23,4,74,66,77,65,74,71,27,35,0,70,62,75,65,71,67,29
Argentina,Colombia,3,0,,1,16,78,69,80,68,77,77,28,4,5,73,67,79,63,78,74,27
Chile,Uruguay,3,1,,9,12,73,68,76,64,77,75,28,9,12,73,66,78,68,76,74,27
England,Spain,2,2,,10,14,73,66,77,68,80,74,26,6,14,82,69,78,67,76,79,26
Italy,Germany,0,0,,18,9,76,68,81,66,77,75,27,5,18,79,71,79,65,78,78,25
Japan,Saudi Arabia,2,1,,57,5,73,66,75,67,75,73,28,60,4,65,56,73,62,76,65,27
Panama,Mexico,0,0,,52,0,64,57,74,60,73,63,29,16,15,72,62,75,65,77,71,27
Peru,Brazil,0,2,,46,,69,65,76,61,76,69,27,7,20,76,66,77,68,80,77,27
Syria,Iran,0,0,,,,,,,,,,,42,4,66,59,74,60,73,65,27
Thailand,Australia,2,2,,,,,,,,,,,50,5,69,63,77,66,74,68,27
Ukraine,Serbia,2,0,,,,,,,,,,,55,11,72,64,80,65,74,71,27
Egypt,Tunisia,1,0,,44,2,68,61,73,63,72,67,28,47,4,67,61,71,62,72,65,26
China,Iceland,0,2,,9,12,73,68,76,64,77,75,28,35,0,70,62,75,65,71,67,29
Chile,Croatia,1,1,,,,,,,,,,,23,4,74,66,77,65,74,71,27
Tunisia,Senegal,0,2,,47,4,67,61,71,62,72,65,26,43,1,68,64,78,67,76,69,26
Algeria,Tunisia,1,2,,4,32,70,62,78,62,74,70,26,47,4,67,61,71,62,72,65,26
Panama,Costa Rica,1,0,,52,0,64,57,74,60,73,63,29,25,4,68,60,74,65,75,67,28
Brazil,Colombia,1,0,,7,20,76,66,77,68,80,77,27,4,5,73,67,79,63,78,74,27
USA,Serbia,0,0,,10,31,70,66,80,62,77,72,27,55,11,72,64,80,65,74,71,27
Mexico,Iceland,1,0,,16,15,72,62,75,65,77,71,27,35,0,70,62,75,65,71,67,29
Germany,England,1,0,,5,18,79,71,79,65,78,78,25,10,14,73,66,77,68,80,74,26
Nigeria,Senegal,1,1,,67,5,67,58,79,62,77,66,26,43,1,68,64,78,67,76,69,26
Mexico,Costa Rica,2,0,,16,15,72,62,75,65,77,71,27,25,4,68,60,74,65,75,67,28
Spain,Israel,4,1,,6,14,82,69,78,67,76,79,26,,,,,,,,,
Ivory Coast,Senegal,1,1,,3,17,72,65,80,62,80,73,27,43,1,68,64,78,67,76,69,26
France,Spain,0,2,,21,14,77,66,82,72,79,73,27,6,14,82,69,78,67,76,79,26
Honduras,Costa Rica,1,1,,3,34,70,62,78,60,77,72,28,25,4,68,60,74,65,75,67,28
Ireland,Iceland,0,1,,,,,,,,,,,35,0,70,62,75,65,71,67,29
Morocco,Tunisia,1,0,,64,4,72,64,77,63,76,73,27,47,4,67,61,71,62,72,65,26
Peru,Uruguay,2,1,,46,,69,65,76,61,76,69,27,9,12,73,66,78,68,76,74,27
Portugal,Sweden,2,3,,8,6,74,67,78,67,77,75,29,36,,70,64,77,64,71,67,28
Russia,Belgium,3,3,,27,10,73,64,78,66,75,68,29,2,12,75,67,83,66,76,72,26
Mexico,Croatia,1,2,,16,15,72,62,75,65,77,71,27,23,4,74,66,77,65,74,71,27
Ireland,Uruguay,3,1,,,,,,,,,,,9,12,73,66,78,68,76,74,27
Montenegro,Iran,1,2,,,,,,,,,,,42,4,66,59,74,60,73,65,27
Hungary,Russia,0,3,,,,,,,,,,,,,,,,,,,
Denmark,Germany,1,1,,41,,73,64,78,65,73,69,28,5,18,79,71,79,65,78,78,25
Italy,Uruguay,3,0,,18,9,76,68,81,66,77,75,27,9,12,73,66,78,68,76,74,27
Spain,Colombia,2,2,,6,14,82,69,78,67,76,79,26,4,5,73,67,79,63,78,74,27
Australia,Saudi Arabia,3,2,,50,5,69,63,77,66,74,68,27,60,4,65,56,73,62,76,65,27
Costa Rica,Panama,0,0,,25,4,68,60,74,65,75,67,28,52,0,64,57,74,60,73,63,29
Argentina,Brazil,1,0,,1,16,78,69,80,68,77,77,28,7,20,76,66,77,68,80,77,27
Sweden,France,2,1,,36,,70,64,77,64,71,67,28,21,14,77,66,82,72,79,73,27
Scotland,England,2,2,,,,,,,,,,,10,14,73,66,77,68,80,74,26
Iceland,Croatia,1,0,,35,0,70,62,75,65,71,67,29,23,4,74,66,77,65,74,71,27
Australia,Brazil,0,4,,50,5,69,63,77,66,74,68,27,7,20,76,66,77,68,80,77,27
Cameroon,Colombia,0,4,,7,59,69,64,81,63,81,74,26,4,5,73,67,79,63,78,74,27
France,England,3,2,,21,14,77,66,82,72,79,73,27,10,14,73,66,77,68,80,74,26
Portugal,Mexico,2,2,,8,6,74,67,78,67,77,75,29,16,15,72,62,75,65,77,71,27
Australia,Germany,2,3,,50,5,69,63,77,66,74,68,27,,,,,,,,,
Russia,Portugal,0,1,,27,10,73,64,78,66,75,68,29,8,6,74,67,78,67,77,75,29
Cameroon,Australia,1,1,,7,59,69,64,81,63,81,74,26,50,5,69,63,77,66,74,68,27
Mexico,Russia,2,1,,16,15,72,62,75,65,77,71,27,27,10,73,64,78,66,75,68,29
Chile,Australia,1,1,,9,12,73,68,76,64,77,75,28,50,5,69,63,77,66,74,68,27
Germany,Mexico,4,1,,5,18,79,71,79,65,78,78,25,16,15,72,62,75,65,77,71,27
Chile,Germany,0,1,,9,12,73,68,76,64,77,75,28,5,18,79,71,79,65,78,78,25
Portugal,Mexico,2,1,,8,6,74,67,78,67,77,75,29,16,15,72,62,75,65,77,71,27
Honduras,Costa Rica,0,1,,3,34,70,62,78,60,77,72,28,25,4,68,60,74,65,75,67,28
USA,Panama,1,1,,10,31,70,66,80,62,77,72,27,52,0,64,57,74,60,73,63,29
Costa Rica,Panama,1,0,,25,4,68,60,74,65,75,67,28,52,0,64,57,74,60,73,63,29
Uruguay,Argentina,0,0,,9,12,73,66,78,68,76,74,27,1,16,78,69,80,68,77,77,28
Korea Republic,Iran,0,0,,56,9,66,57,76,64,75,67,27,42,4,66,59,74,60,73,65,27
Japan,Australia,2,0,,57,5,73,66,75,67,75,73,28,50,5,69,63,77,66,74,68,27
Bulgaria,Sweden,3,2,,,,,,,,,,,36,,70,64,77,64,71,67,28
USA,Costa Rica,0,2,,10,31,70,66,80,62,77,72,27,25,4,68,60,74,65,75,67,28
Mexico,Panama,1,0,,16,15,72,62,75,65,77,71,27,52,0,64,57,74,60,73,63,29
Belarus,Sweden,0,4,,,,,,,,,,,36,,70,64,77,64,71,67,28
Greece,Belgium,1,2,,3,18,73,66,79,62,76,74,28,2,12,75,67,83,66,76,72,26
Cameroon,Nigeria,1,1,,7,59,69,64,81,63,81,74,26,67,5,67,58,79,62,77,66,26
Costa Rica,Mexico,1,1,,25,4,68,60,74,65,75,67,28,16,15,72,62,75,65,77,71,27
Colombia,Brazil,1,1,,4,5,73,67,79,63,78,74,27,7,20,76,66,77,68,80,77,27
Ecuador,Peru,0,2,,3,22,70,65,77,57,80,75,27,46,,69,65,76,61,76,69,27
Paraguay,Uruguay,1,2,,,,,,,,,,,9,12,73,66,78,68,76,74,27
Uzbekistan,Korea Republic,0,0,,,,,,,,,,,56,9,66,57,76,64,75,67,27
Saudi Arabia,Japan,1,0,,60,4,65,56,73,62,76,65,27,57,5,73,66,75,67,75,73,28
Ireland,Serbia,0,1,,,,,,,,,,,55,11,72,64,80,65,74,71,27
Italy,Israel,1,0,,18,9,76,68,81,66,77,75,27,,,,,,,,,
Venezuela,Uruguay,0,0,,,,,,,,,,,9,12,73,66,78,68,76,74,27
Argentina,Peru,0,0,,1,16,78,69,80,68,77,77,28,46,,69,65,76,61,76,69,27
USA,Panama,4,0,,10,31,70,66,80,62,77,72,27,52,0,64,57,74,60,73,63,29
Austria,Serbia,3,2,,,,,,,,,,,55,11,72,64,80,65,74,71,27
Liechtenstein,Israel,0,1,,,,,,,,,,,,,,,,,,,
Turkey,Iceland,0,3,,,,,,,,,,,35,0,70,62,75,65,71,67,29
Guinea,Tunisia,1,4,,,,,,,,,,,47,4,67,61,71,62,72,65,26
Cape Verde,Senegal,0,2,,,,,,,,,,,43,1,68,64,78,67,76,69,26
Bulgaria,France,0,1,,,,,,,,,,,21,14,77,66,82,72,79,73,27
Andorra,Portugal,0,2,,,,,,,,,,,8,6,74,67,78,67,77,75,29
Bosnia-Herzegovina,Belgium,3,4,,1,16,73,66,79,61,77,75,27,2,12,75,67,83,66,76,72,26
Russia,Korea Republic,4,2,,27,10,73,64,78,66,75,68,29,56,9,66,57,76,64,75,67,27
Lithuania,England,0,1,,,,,,,,,,,10,14,73,66,77,68,80,74,26
Israel,Spain,0,1,,,,,,,,,,,6,14,82,69,78,67,76,79,26
Ukraine,Croatia,0,2,,,,,,,,,,,23,4,74,66,77,65,74,71,27
Ecuador,Argentina,1,3,,3,22,70,65,77,57,80,75,27,1,16,78,69,80,68,77,77,28
Peru,Colombia,1,1,,46,,69,65,76,61,76,69,27,4,5,73,67,79,63,78,74,27
Panama,Costa Rica,2,1,,52,0,64,57,74,60,73,63,29,25,4,68,60,74,65,75,67,28
Honduras,Mexico,3,2,,3,34,70,62,78,60,77,72,28,16,15,72,62,75,65,77,71,27
Netherlands,Sweden,2,0,,10,8,74,68,80,63,78,75,26,36,,70,64,77,64,71,67,28
Portugal,Switzerland,2,0,,8,6,74,67,78,67,77,75,29,14,10,73,66,80,69,75,71,26
Russia,Iran,1,1,,27,10,73,64,78,66,75,68,29,42,4,66,59,74,60,73,65,27
Grenada,Panama,0,5,,,,,,,,,,,52,0,64,57,74,60,73,63,29
Northern Ireland,Switzerland,0,1,,,,,,,,,,,14,10,73,66,80,69,75,71,26
Iran,Panama,2,1,,42,4,66,59,74,60,73,65,27,52,0,64,57,74,60,73,63,29
Algeria,Nigeria,1,1,,4,32,70,62,78,62,74,70,26,67,5,67,58,79,62,77,66,26
Honduras,Australia,0,0,,3,34,70,62,78,60,77,72,28,50,5,69,63,77,66,74,68,27
Korea Republic,Colombia,2,1,,56,9,66,57,76,64,75,67,27,4,5,73,67,79,63,78,74,27
England,Germany,0,0,,10,14,73,66,77,68,80,74,26,5,18,79,71,79,65,78,78,25
Portugal,Saudi Arabia,3,0,,8,6,74,67,78,67,77,75,29,60,4,65,56,73,62,76,65,27
Poland,Uruguay,0,0,,27,7,70,63,78,64,74,67,28,9,12,73,66,78,68,76,74,27
Belgium,Mexico,3,3,,2,12,75,67,83,66,76,72,26,16,15,72,62,75,65,77,71,27
Japan,Brazil,1,3,,57,5,73,66,75,67,75,73,28,7,20,76,66,77,68,80,77,27
Russia,Argentina,0,1,,27,10,73,64,78,66,75,68,29,1,16,78,69,80,68,77,77,28
Spain,Costa Rica,5,0,,6,14,82,69,78,67,76,79,26,25,4,68,60,74,65,75,67,28
Ghana,Egypt,1,1,,3,23,71,66,80,63,81,74,25,,,,,,,,,
Greece,Croatia,0,0,,3,18,73,66,79,62,76,74,28,23,4,74,66,77,65,74,71,27
Italy,Sweden,0,0,,18,9,76,68,81,66,77,75,27,36,,70,64,77,64,71,67,28
Bulgaria,Saudi Arabia,1,0,,,,,,,,,,,60,4,65,56,73,62,76,65,27
Poland,Mexico,0,1,,27,7,70,63,78,64,74,67,28,16,15,72,62,75,65,77,71,27
Ireland,Denmark,1,5,,,,,,,,,,,41,,73,64,78,65,73,69,28
Argentina,Nigeria,2,4,,1,16,78,69,80,68,77,77,28,67,5,67,58,79,62,77,66,26
Hungary,Costa Rica,1,0,,,,,,,,,,,25,4,68,60,74,65,75,67,28
Korea Republic,Serbia,1,1,,56,9,66,57,76,64,75,67,27,55,11,72,64,80,65,74,71,27
Austria,Uruguay,2,1,,,,,,,,,,,9,12,73,66,78,68,76,74,27
Russia,Spain,3,3,,27,10,73,64,78,66,75,68,29,6,14,82,69,78,67,76,79,26
England,Brazil,0,0,,10,14,73,66,77,68,80,74,26,7,20,76,66,77,68,80,77,27
Belgium,Japan,1,0,,2,12,75,67,83,66,76,72,26,57,5,73,66,75,67,75,73,28
Germany,France,2,2,,5,18,79,71,79,65,78,78,25,21,14,77,66,82,72,79,73,27
